StartDate,EndDate,Status,Progress,Duration (in seconds),Finished,RecordedDate,RecipientLastName,RecipientFirstName,RecipientEmail,ExternalReference,DistributionChannel,UserLanguage,Consent,Q119,Q155,Q156,Q157,Q158,Q159,Q160,Q161,Q162,Q115,Q116,Q132,Q133,Q134,Q135,Q136,Q137,Q138,Q117,Q139,Q140,Q141,Q142,Q143,Q144,Q145,Q146,Q118,Q147,Q148,Q149,Q150,Q151,Q152,Q153,Q154,Q164_1,Q164_2,Q164_3,Q164_4,Q164_5,Q164_6,Q164_7,Q164_8,Q164_9,Q164_10,Q164_11,Q164_12,Q164_13,Q164_14,Q164_15,Q164_16,Q164_17,Q164_18,Q164_19,Q164_20,Q164_21,Q164_22,Q164_23,Q164_24,Q164_25,Q164_26,Q164_27,Q164_28,Q166_1,Q166_2,Q166_3,Q166_4,Q166_5,Q166_6,Q166_7,Q166_8,Q166_9,Q166_10,Q166_11,Q166_12,Q166_13,MFQ1_1,MFQ1_2,MFQ1_3,MFQ1_4,MFQ1_5,MFQ1_6,MFQ1_7,MFQ1_8,MFQ1_9,MFQ1_10,MFQ1_11,MFQ1_12,MFQ1_13,MFQ1_14,MFQ1_15,MFQ1_16,MFQ2_1,MFQ2_2,MFQ2_3,MFQ2_4,MFQ2_5,MFQ2_6,MFQ2_7,MFQ2_8,MFQ2_9,MFQ2_10,MFQ2_11,MFQ2_12,MFQ2_13,MFQ2_14,MFQ2_15,MFQ2_16,GeneralGMQ_1,GeneralGMQ_2,GeneralGMQ_3,GeneralGMQ_4,GeneralGMQ_5,GeneralGMQ_6,MDis_1,MDis_2,MDis_3,MDis_4,MDis_5,MDis_6,MDis_7,MDis_8,MoralGMQ_1,MoralGMQ_2,MoralGMQ_3,MoralGMQ_4,MoralGMQ_5,MoralGMQ_6,Q67_1,Q67_2,Q67_3,Q67_4,Q67_5,Q67_6,Q67_7,Q67_8,Q67_9,Q67_10,Q67_11,Q67_12,Q67_13,Q67_14,Q67_15,Q67_16,Q67_17,Q67_18,Q67_19,Q67_20,Q67_21,Q67_22,Q67_23,Q67_24,Q67_25,Q67_26,Q67_27,Q67_28,Q67_29,Q67_30,Q67_31,Q67_32,Q67_33,Q67_34,Q67_35,Q67_36,Q67_37,Q67_38,Q67_39,Q67_40,Q67_41,Q67_42,Q67_43,Q67_44,Q67_45,Q67_46,Q67_47,Q67_48,Q67_49,Q67_50,Q67_51,Q67_52,Q67_53,Q67_54,Q67_55,Q67_56,Q67_57,Q67_58,Q67_59,Q67_60,Q67_61,Q67_62,Q67_63,Q67_64,Q67_65,Q67_66,Q67_67,Q67_68,Q67_69,Q67_70,Q67_71,Q67_72,Q68_1,Q68_2,Q68_3,Q68_4,Q68_5,Q68_6,Q68_7,Q68_8,Q68_9,Q68_10,Q68_11,Q68_12,Q69_1,Q69_2,Q69_3,Q69_4,Q69_5,Q69_6,Q69_7,Q69_8,Q69_9,Q69_10,Q69_11,Q69_12,Q69_13,Q69_14,Q69_15,Q69_16,Q69_17,Q69_18,Q69_19,Q69_20,Q69_21,Q69_22,Q70_1,Q70_2,Q70_3,Q70_4,Q70_5,Q72_1_1,Q72_2_1,Q72_3_1,Q72_4_1,Q72_5_1,Q72_6_1,Q72_7_1,Q72_8_1,Q72_9_1,Q72_10_1,Q72_11_1,Q72_12_1,Q74_1,Q74_2,Q74_3,Q74_4,Q74_5,Q74_6,Q74_7,Q74_8,Q74_9,Age,Sex,Hispanic,Eth,Eth_6_TEXT,Edu,State,Religion,Pol,id
1/14/23 12:38,1/14/23 13:09,0,100,1889,1,1/14/23 13:09,,,,,anonymous,EN,1,1,3,3,3,3,3,1,3,1,2,3,3,3,3,3,2,3,3,6,3,3,3,1,3,2,3,1,3,1,3,3,3,1,3,1,3,5,4,2,2,5,5,1,4,4,5,4,1,2,2,4,4,4,2,2,4,4,5,5,4,4,4,4,4,5,5,5,1,1,5,5,5,5,4,4,4,5,4,4,1,4,5,1,5,6,5,2,6,6,5,2,6,4,6,6,1,5,5,6,6,5,2,4,5,5,4,2,4,2,2,2,3,4,5,6,2,1,1,5,1,1,3,2,1,1,6,1,6,6,5,5,3,5,5,3,4,6,5,7,7,5,6,6,5,5,6,5,5,5,5,6,6,6,5,3,3,4,5,3,5,5,5,6,6,5,5,6,6,6,7,3,3,4,5,3,5,4,5,5,3,5,5,2,4,4,5,7,7,4,5,6,7,5,5,4,3,4,5,5,5,5,3,3,4,3,3,4,4,3,4,3,4,5,6,1,3,6,3,3,1,6,1,1,6,1,6,1,6,3,1,1,2,1,1,1,2,3,4,5,4,,,,1,,,,,3,2,,,5,5,5,6,6,6,6,4,4,19,2,2,1,,3,Alabama,8,3,9745
1/14/23 20:41,1/14/23 21:11,0,100,1826,1,1/14/23 21:11,,,,,anonymous,EN,1,1,3,2,3,2,3,1,3,1,1,3,3,3,3,3,3,3,3,6,3,3,3,3,3,3,3,3,1,3,3,3,3,3,3,3,3,5,4,2,1,4,3,1,4,5,4,4,1,2,1,2,4,4,1,3,5,4,5,4,2,4,5,2,3,5,5,5,1,1,5,5,3,3,4,2,3,3,5,3,2,4,5,1,5,6,3,3,3,6,4,3,6,5,5,5,3,5,5,6,4,5,3,4,4,6,4,3,5,3,2,2,3,4,4,5,3,1,2,2,1,1,2,2,2,2,5,2,4,5,6,6,7,7,6,4,6,6,5,7,7,4,4,6,5,4,6,5,5,5,5,5,4,4,5,6,7,4,4,3,3,5,5,7,7,3,3,6,4,4,5,7,3,6,6,5,4,4,6,7,7,6,5,4,6,4,5,6,7,3,4,5,4,5,4,3,4,5,7,5,5,4,3,4,3,4,5,5,5,5,5,5,5,5,6,6,6,1,6,6,1,1,1,1,6,6,6,1,2,3,6,1,2,1,1,2,2,3,3,5,5,2,,,,,,3,,1,,,,4,4,5,5,5,4,3,5,3,21,2,2,1,,3,Massachusetts,3,1,9775
1/15/23 16:07,1/15/23 16:26,0,100,1180,1,1/15/23 16:26,,,,,anonymous,EN,1,1,3,3,3,2,3,1,3,1,1,1,1,1,1,1,1,1,1,5,1,3,1,1,3,3,2,3,3,3,3,1,3,1,1,1,3,3,4,1,2,2,3,2,5,5,2,4,2,4,2,5,1,2,5,2,3,5,1,2,1,4,2,1,5,5,4,4,1,1,5,5,3,4,3,3,5,5,5,6,5,5,6,2,5,5,4,3,3,6,5,4,5,6,6,5,4,6,4,6,5,5,1,5,3,6,4,1,4,3,2,2,2,4,4,4,3,3,3,2,1,2,4,2,3,3,3,2,2,2,4,5,5,7,7,6,6,6,4,7,7,7,3,5,7,5,4,4,5,5,6,7,5,7,5,5,7,7,6,6,5,5,4,7,6,7,3,4,7,3,3,4,5,5,4,4,5,7,5,5,6,7,6,7,6,7,4,7,7,6,1,3,7,3,4,4,3,3,3,4,4,7,5,5,5,5,4,4,4,3,4,4,4,4,6,3,6,1,6,3,3,1,1,2,3,6,6,3,3,1,6,3,1,2,1,2,1,5,5,5,4,1,1,2,2,2,3,3,2,1,3,2,3,4,5,3,5,5,6,5,5,5,20,2,2,1,,4,United States,1,2,9760
1/16/23 11:01,1/16/23 11:28,0,100,1579,1,1/16/23 11:28,,,,,anonymous,EN,1,1,3,3,3,2,1,1,1,1,3,2,2,3,3,2,2,3,2,6,1,2,1,1,3,3,3,3,2,2,3,3,3,2,3,2,3,4,5,2,5,1,2,1,3,4,4,5,2,5,2,3,4,4,2,5,4,3,4,2,1,2,2,2,2,5,5,5,1,1,5,5,3,3,4,3,2,4,3,5,1,5,2,1,1,5,5,4,4,6,6,1,5,5,5,5,5,6,6,6,6,6,2,6,4,5,2,4,6,2,5,5,6,2,2,1,2,2,2,2,2,2,6,2,4,3,3,3,3,4,5,6,6,5,5,6,7,6,6,7,6,5,4,5,6,5,5,4,6,6,7,6,6,7,6,6,6,5,5,7,7,5,5,4,5,6,5,6,7,5,4,4,5,6,7,6,7,7,7,6,5,4,5,7,5,6,5,6,6,5,3,5,7,5,5,4,5,5,6,6,7,7,4,4,5,3,5,4,5,4,4,3,4,4,2,1,6,1,6,1,1,1,1,1,1,1,6,1,1,1,1,1,1,2,1,1,4,4,2,4,3,1,2,,,,,,,,,3,,5,5,6,5,4,5,6,6,2,19,2,2,1,,3,Virginia,1,2,9796
1/17/23 0:59,1/17/23 1:35,0,100,2165,1,1/17/23 1:35,,,,,anonymous,EN,1,1,1,1,3,1,1,1,3,1,3,1,3,2,3,1,3,2,3,6,3,3,2,1,3,2,3,3,3,3,1,1,3,3,3,3,3,3,4,2,4,4,2,1,5,5,4,5,4,2,1,2,4,4,1,4,4,5,5,2,1,3,4,1,4,5,5,5,1,1,4,5,4,4,3,5,4,5,5,5,4,2,2,1,5,5,4,4,2,5,6,4,5,6,5,5,2,5,2,6,3,5,1,2,1,5,3,2,4,1,3,3,4,3,3,3,2,4,3,5,2,3,1,4,3,2,4,2,4,5,5,6,3,7,6,4,5,6,5,7,7,5,5,6,6,6,3,3,6,4,7,4,5,6,3,5,4,7,6,4,5,6,4,7,6,5,3,6,6,5,3,4,6,4,6,5,6,5,4,6,4,6,5,3,3,5,4,7,7,5,1,5,5,6,3,4,3,4,7,5,6,5,4,4,3,3,4,4,5,4,5,4,5,5,1,1,6,2,2,3,1,3,6,6,2,1,3,1,3,1,1,1,3,3,3,3,4,4,4,5,5,,1,,,3,,,,,,,2,3,5,5,6,6,6,6,6,4,20,2,2,1,,3,Missouri,1,1,9823
1/17/23 10:23,1/17/23 11:50,0,100,5181,1,1/17/23 11:50,,,,,anonymous,EN,1,1,3,3,2,2,1,1,1,1,1,1,1,1,1,3,3,3,3,5,2,3,1,3,3,3,3,3,1,3,3,3,3,3,3,3,3,5,5,1,1,5,3,1,5,5,5,5,1,1,5,1,5,5,1,5,5,3,5,3,1,5,5,1,5,5,5,5,1,1,5,5,1,1,5,5,5,5,4,4,3,4,6,1,5,6,6,3,6,6,6,6,4,6,5,5,3,6,6,6,1,3,3,6,4,6,1,3,6,6,1,1,6,6,6,6,1,1,4,1,1,1,1,1,1,1,6,1,6,6,4,4,7,5,6,5,5,7,3,7,7,5,3,3,3,7,7,4,4,4,7,7,5,7,5,5,3,3,3,3,4,3,4,7,5,5,4,4,3,2,3,3,3,2,5,5,5,4,5,5,5,5,5,5,5,5,5,5,5,5,5,5,5,7,7,5,5,5,5,5,5,7,5,5,5,5,5,5,5,5,5,5,5,5,3,3,1,1,3,1,1,1,1,1,1,1,3,1,3,1,3,1,1,1,1,1,3,5,1,5,5,,,3,2,1,,,,,,,,4,4,1,1,1,6,3,6,1,18,2,2,1,,3,alabama,8,2,9826
1/17/23 16:26,1/17/23 16:51,0,100,1504,1,1/17/23 16:51,,,,,anonymous,EN,1,1,3,3,3,3,1,1,1,1,1,3,2,2,2,2,3,3,3,5,3,3,1,3,3,3,3,3,2,2,2,2,2,3,2,2,2,5,4,2,3,2,2,2,4,4,3,5,4,3,3,3,4,4,1,3,4,4,3,4,3,3,4,4,3,5,5,5,1,1,5,5,1,1,2,2,3,2,5,5,3,3,3,3,3,6,6,2,6,6,6,6,6,6,5,5,5,5,5,6,5,6,6,4,5,5,5,5,5,5,1,1,1,6,6,6,5,1,4,4,2,2,5,1,2,2,5,2,5,5,5,5,4,4,4,6,6,7,4,4,5,4,6,7,5,4,4,4,4,7,5,6,7,6,4,5,5,4,5,6,6,7,4,4,5,4,6,7,5,5,4,4,4,7,7,7,7,6,5,5,5,5,5,5,5,5,5,5,5,5,5,5,5,5,5,5,5,5,5,5,5,5,4,4,3,3,5,5,5,4,3,4,4,4,2,6,6,6,6,6,6,6,6,6,6,6,6,6,6,6,6,6,6,6,6,6,4,3,3,3,3,1,,,,,,3,,2,,,,5,5,5,5,5,5,5,5,5,20,2,2,2,,3,alabama,8,6,9748
1/17/23 22:35,1/17/23 23:17,0,100,2539,1,1/17/23 23:17,,,,,anonymous,EN,1,1,3,1,3,1,1,1,1,1,2,1,1,1,3,3,3,3,3,5,2,2,3,3,2,2,3,3,1,3,2,2,2,3,2,2,2,3,4,1,4,3,2,2,4,4,4,4,3,3,2,2,3,4,2,4,4,4,5,3,3,3,4,4,4,5,5,4,1,1,4,5,3,3,3,2,4,4,5,5,5,5,5,2,5,5,5,4,4,5,5,5,4,5,5,5,4,5,5,5,5,5,4,2,3,6,2,3,3,4,4,4,4,3,3,3,1,1,2,2,2,1,1,4,2,2,5,2,5,5,5,5,5,6,6,5,5,7,5,7,6,6,5,6,5,6,5,5,5,5,6,6,6,6,4,5,4,6,6,4,4,6,4,6,6,5,6,5,5,6,5,5,5,5,5,6,6,6,6,5,5,6,5,5,5,6,5,6,6,5,5,5,5,6,5,5,5,5,5,6,6,6,4,4,4,4,4,4,4,4,4,3,4,4,2,2,6,6,6,2,1,2,1,1,6,1,6,1,1,1,2,1,1,1,1,1,4,4,3,4,4,1,2,3,1,2,3,2,1,1,2,1,1,5,5,5,5,5,5,5,5,5,20,2,2,1,,3,texas,3,2,9757
1/18/23 9:31,1/18/23 10:24,0,100,3166,1,1/18/23 10:24,,,,,anonymous,EN,1,3,3,2,3,1,1,1,1,1,3,3,2,3,3,3,2,3,3,6,1,3,2,1,3,3,3,3,3,3,3,3,3,3,3,3,3,4,5,5,3,5,1,3,4,5,4,5,2,2,3,4,4,3,2,5,4,4,5,3,1,3,4,2,3,5,4,5,1,1,4,5,3,3,4,3,4,4,4,4,3,6,6,1,5,4,4,4,4,6,6,4,5,6,5,6,2,6,5,6,5,3,2,5,4,2,4,4,3,4,1,1,1,6,6,6,1,1,1,2,1,1,4,5,3,1,6,1,6,4,6,6,6,6,6,4,7,7,4,6,6,5,6,6,5,7,5,5,6,6,6,7,6,7,4,4,6,5,5,3,6,6,4,5,4,5,5,5,4,6,5,4,3,5,6,7,6,7,4,4,4,5,5,4,5,5,4,5,4,4,4,5,4,6,4,4,3,4,5,5,5,6,3,4,3,4,5,5,5,5,5,5,5,5,3,3,3,2,3,2,2,6,2,2,6,6,3,1,3,3,3,1,6,6,6,3,3,5,3,4,5,,1,,,3,,,,2,,,,4,5,5,5,4,6,6,6,4,48,2,2,1,,4,California,2,3,9865
1/18/23 13:09,1/18/23 13:16,0,100,419,1,1/18/23 13:16,,,,,anonymous,EN,1,3,1,2,1,3,1,2,3,1,3,3,2,2,3,2,3,1,1,6,1,2,3,3,3,2,2,1,3,2,2,3,2,1,3,3,3,3,2,3,2,3,2,3,3,2,3,2,3,2,3,3,2,3,2,3,2,3,4,2,3,2,3,2,4,2,3,2,3,2,3,2,3,2,3,3,2,3,3,3,4,3,4,3,4,3,4,3,4,3,4,3,4,4,3,4,3,4,3,3,4,3,4,3,4,3,4,3,4,4,2,4,3,4,2,4,4,3,5,3,5,3,5,4,2,4,3,4,3,4,5,4,5,4,5,3,5,3,5,3,5,3,4,5,3,4,3,4,3,5,3,5,3,5,3,5,3,4,3,5,3,4,3,5,3,5,3,4,3,5,4,5,3,5,3,5,3,5,3,4,2,4,2,5,2,4,3,4,3,4,2,4,2,4,3,4,2,4,2,4,2,5,2,3,2,3,3,2,4,3,4,3,4,3,2,6,2,6,6,2,6,2,2,6,2,6,2,6,2,6,2,6,2,2,6,2,3,2,3,2,3,1,,,,,,,,,,,,3,4,3,4,3,4,4,3,4,18,2,2,1,,2,Alabama,2,2,9874
1/18/23 13:54,1/18/23 14:38,0,100,2610,1,1/18/23 14:38,,,,,anonymous,EN,1,1,3,1,3,1,3,1,3,1,1,3,3,3,3,3,3,3,3,6,3,3,3,3,3,3,3,3,2,3,3,3,3,3,3,3,3,2,4,3,2,5,5,2,4,5,5,5,1,4,2,3,1,4,3,2,2,3,4,5,2,2,5,1,2,4,4,5,1,1,3,4,1,1,2,1,2,1,6,5,1,2,2,1,6,5,3,1,2,6,5,3,2,1,5,3,1,2,1,6,3,4,1,1,1,2,6,1,1,1,2,1,1,5,3,6,3,1,5,2,1,2,1,1,1,1,5,1,5,6,2,5,5,3,5,5,6,3,5,7,6,6,3,6,2,3,3,2,1,7,5,7,6,2,1,5,3,2,5,3,6,2,3,7,6,3,5,5,2,2,6,2,1,6,3,2,6,2,5,6,5,2,3,6,6,2,6,7,6,3,2,4,5,3,2,2,3,7,6,6,6,2,1,2,3,4,3,4,3,3,4,4,4,5,2,1,2,1,3,1,1,2,1,2,1,2,2,1,2,1,6,1,2,2,2,2,3,4,1,5,4,2,1,,,,,,,,,,3,1,1,2,1,1,1,1,1,1,20,1,2,1,,3,Arkansas,10,6,9763
1/19/23 0:24,1/19/23 1:17,0,100,3154,1,1/19/23 1:17,,,,,anonymous,EN,1,1,3,3,3,3,1,1,1,1,3,3,3,3,2,3,3,2,2,6,2,3,2,2,2,3,2,2,1,2,2,2,2,2,2,2,2,4,5,4,2,5,2,2,5,5,5,3,1,5,1,2,4,4,1,4,4,4,4,4,1,3,4,1,3,5,5,5,1,1,5,5,4,4,5,4,5,5,6,6,6,6,6,2,6,6,6,5,6,6,5,6,6,6,6,6,6,6,6,6,6,6,2,6,6,6,2,6,5,5,2,2,2,6,6,6,1,1,1,1,1,1,1,1,1,1,6,1,6,6,7,5,4,7,7,7,7,7,5,7,7,6,7,7,7,7,7,7,6,7,7,7,4,7,7,5,4,7,7,7,7,7,5,7,7,6,7,7,7,7,7,7,7,7,7,7,4,7,7,4,4,6,7,7,7,7,4,7,7,7,7,7,7,7,7,7,7,7,7,7,4,7,5,5,5,5,5,5,5,5,5,5,5,5,3,3,6,1,3,1,1,1,2,1,3,3,3,1,3,1,3,1,1,1,1,1,2,5,5,5,5,1,,2,3,,,,,,,,,6,6,6,6,6,6,6,6,6,27,2,1,1,,5,Puerto Rico,2,2,9892
1/19/23 9:04,1/19/23 9:35,0,100,1858,1,1/19/23 9:35,,,,,anonymous,EN,1,1,3,3,3,3,1,1,1,1,3,3,1,3,1,3,2,3,1,6,3,3,2,3,3,3,2,3,1,3,1,3,2,3,3,3,2,5,5,2,2,3,2,2,4,4,5,5,1,3,2,2,2,3,2,4,4,5,5,3,2,4,2,2,5,5,5,5,1,1,5,5,4,4,5,4,5,5,4,4,4,5,3,1,4,6,6,4,6,6,6,6,6,1,5,6,3,6,5,6,5,5,5,1,4,6,2,4,5,3,1,1,2,5,6,6,2,2,2,4,2,7,1,1,3,3,5,2,5,5,3,5,6,7,6,3,5,5,4,6,7,5,5,7,6,7,5,4,6,7,7,7,7,7,2,5,5,7,6,3,4,5,4,7,7,7,5,6,6,7,6,5,7,7,7,7,6,7,2,6,6,7,7,6,6,6,5,7,7,7,7,7,7,7,7,5,7,7,7,7,7,7,5,5,5,4,5,5,5,4,5,5,5,5,6,1,3,1,3,3,1,1,1,1,3,1,3,1,3,1,1,1,1,1,1,1,3,5,4,5,4,2,1,1,1,1,2,3,3,3,3,1,2,6,6,6,6,6,6,6,6,6,19,2,2,1,,2,Alabama,2,2,9793
1/19/23 9:35,1/19/23 10:29,0,100,3225,1,1/19/23 10:29,,,,,anonymous,EN,1,1,3,3,3,3,1,1,1,1,2,3,3,3,2,3,3,2,3,6,3,3,3,3,3,3,3,3,2,3,3,2,3,3,3,3,3,3,4,5,4,2,5,2,4,5,5,5,4,2,1,1,2,4,2,1,4,5,3,3,5,1,2,4,4,5,4,2,1,1,4,5,2,2,3,3,3,3,6,6,1,1,1,1,1,6,6,1,6,6,3,2,5,1,6,4,3,2,2,4,6,4,1,1,1,4,6,3,3,1,1,1,1,6,6,6,2,1,5,2,2,2,5,2,2,2,5,2,6,6,7,5,6,3,4,4,6,7,4,4,5,6,6,7,6,7,4,4,6,3,5,1,5,1,7,4,4,4,4,1,2,7,3,3,5,4,2,6,5,7,4,3,1,4,6,1,5,1,7,6,7,4,5,3,4,7,4,4,5,6,3,7,6,7,4,4,5,1,6,1,5,1,1,1,1,2,3,3,3,3,5,5,4,5,1,1,6,1,6,1,1,2,2,6,6,1,6,1,2,2,1,1,3,6,1,3,4,4,2,1,5,3,2,1,2,1,1,3,2,2,1,3,2,5,4,4,2,2,4,4,2,3,20,2,2,1,,3,American,11,5,9895
1/19/23 10:35,1/19/23 11:15,0,100,2407,1,1/19/23 11:15,,,,,anonymous,EN,1,1,3,3,3,2,3,3,2,1,3,3,1,1,3,2,2,3,3,4,3,2,3,2,3,3,3,2,1,2,1,2,2,3,1,2,1,5,3,4,4,4,5,5,3,5,3,4,5,5,4,3,4,3,5,4,5,3,4,5,5,5,4,4,3,5,5,4,1,1,4,5,3,3,3,4,4,5,5,4,3,4,5,3,1,6,6,3,4,5,4,6,5,5,5,5,2,6,5,6,3,5,3,5,4,3,1,5,6,4,4,2,2,4,4,3,5,5,6,7,4,5,6,5,3,4,3,5,4,3,4,5,6,6,5,6,5,7,6,5,6,6,5,4,4,5,6,4,4,4,5,7,6,5,5,4,6,5,6,4,5,5,6,5,6,4,5,5,6,6,5,5,6,6,5,4,5,5,6,5,6,6,5,5,4,5,6,6,5,5,4,6,6,7,6,5,7,4,5,7,5,6,4,4,4,4,3,4,4,3,4,3,4,3,3,6,6,6,3,3,2,3,1,1,3,6,3,6,6,1,2,2,1,6,6,1,3,5,3,5,3,2,,,1,,,,3,,,,,5,3,5,5,5,5,5,4,6,20,2,2,1,,3,South Carolina,3,2,9937
1/19/23 11:03,1/19/23 11:35,0,100,1886,1,1/19/23 11:35,,,,,anonymous,EN,1,1,3,1,3,3,3,1,3,1,3,3,2,2,3,2,1,2,3,6,1,3,2,2,3,3,3,3,3,1,3,1,3,3,3,3,3,3,5,3,1,5,3,1,5,5,5,4,1,1,2,1,1,5,1,4,5,5,5,2,3,1,5,3,4,5,5,5,5,1,5,5,4,3,3,3,5,4,4,4,1,1,5,1,1,5,5,1,1,5,5,1,5,1,6,6,2,4,2,6,6,4,1,2,1,3,3,5,4,2,1,1,1,6,6,6,1,1,2,2,1,1,1,1,1,1,1,1,6,6,5,6,6,7,4,3,7,7,4,7,7,5,4,5,7,5,5,3,6,5,6,2,7,7,5,4,6,7,4,3,5,7,3,7,7,7,4,7,7,3,5,4,3,4,3,5,7,7,7,7,7,7,7,7,7,7,3,5,6,3,5,5,7,5,5,5,5,5,5,5,7,7,2,3,4,2,4,4,4,2,5,5,5,5,2,3,3,2,3,3,1,6,3,3,3,2,3,2,3,3,3,1,6,3,6,3,5,4,5,5,5,1,,2,,,,,,3,,,,4,4,4,5,5,5,4,5,4,19,2,2,1,,3,Kentucky,4,3,9946
1/19/23 11:39,1/19/23 11:50,0,100,678,1,1/19/23 11:50,,,,,anonymous,EN,1,1,3,2,3,3,3,3,3,2,1,3,3,3,1,3,3,2,3,5,3,1,1,2,1,3,2,1,3,1,3,1,2,2,2,1,2,4,3,4,4,4,4,2,2,3,3,2,3,2,2,3,3,3,2,2,3,2,3,4,3,3,3,3,2,5,5,4,1,1,4,4,4,4,4,3,4,4,4,3,4,5,4,4,5,5,5,4,4,6,6,5,4,5,3,3,4,4,4,3,4,3,4,3,4,3,4,4,4,4,6,5,5,4,5,4,2,3,3,4,4,3,4,4,4,3,3,2,4,3,5,5,5,3,5,5,5,5,5,7,6,3,7,7,7,5,5,5,5,6,6,7,5,7,6,6,6,6,6,6,6,6,6,6,6,6,5,6,6,6,5,6,6,6,5,6,5,5,4,6,5,5,5,5,5,6,5,5,6,6,5,7,6,6,5,5,5,5,5,5,6,7,3,4,3,4,3,3,3,3,3,4,3,3,3,3,3,3,3,3,3,6,2,2,6,2,3,6,2,6,6,2,2,6,2,6,1,5,5,5,5,,,1,,,,,,2,3,,,5,5,5,4,5,4,5,5,5,19,1,2,3,,3,Alabama,8,6,10006
1/19/23 13:15,1/19/23 13:36,0,100,1273,1,1/19/23 13:36,,,,,anonymous,EN,1,1,3,1,3,3,3,1,3,1,1,1,1,1,1,1,3,3,3,6,3,3,3,3,3,3,3,1,2,3,2,3,3,3,3,3,3,5,5,4,3,3,4,4,3,4,4,3,5,2,1,5,1,5,2,4,5,3,5,2,2,2,5,4,3,5,5,5,1,1,5,5,5,5,4,4,5,4,5,4,2,5,5,2,5,5,5,4,5,6,5,5,6,6,5,5,5,6,6,6,5,6,6,6,6,5,1,2,6,2,1,1,1,6,6,6,2,2,4,5,2,2,6,2,1,1,6,1,6,6,5,5,7,6,6,6,7,7,6,7,7,7,4,6,6,5,7,6,7,5,7,7,7,7,3,5,5,5,5,5,5,7,5,7,7,7,3,4,5,5,5,5,7,5,7,7,7,7,3,3,6,5,5,5,5,7,6,7,7,7,3,5,5,5,5,5,7,3,7,7,7,7,5,4,5,4,5,5,5,4,4,5,5,5,2,1,2,1,3,1,1,1,1,1,2,1,3,1,2,1,1,1,1,1,1,1,2,3,2,5,3,,,,,3,,,1,,,2,,5,6,6,6,6,6,4,5,6,19,2,2,1,,2,Texas,1,2,10018
1/19/23 17:28,1/19/23 17:37,0,100,530,1,1/19/23 17:37,,,,,anonymous,EN,1,1,1,2,2,2,1,1,2,3,3,3,1,2,2,2,3,3,3,4,2,3,2,3,2,3,2,3,1,1,2,3,2,1,1,2,1,5,5,5,5,5,4,5,5,5,5,5,5,5,5,5,5,5,5,5,5,5,5,5,5,5,5,5,5,5,5,5,4,4,4,4,4,4,4,4,5,4,6,6,6,6,6,6,6,6,6,6,6,6,6,6,6,6,6,6,6,6,6,6,6,6,6,6,6,6,6,6,6,6,4,4,2,6,6,6,1,1,1,1,1,1,1,1,6,6,6,6,6,6,7,7,7,7,7,7,7,7,7,7,7,7,7,7,7,7,7,7,7,7,7,7,7,7,7,7,7,7,7,7,7,7,7,7,7,7,7,7,7,7,7,7,7,7,7,7,6,6,6,6,6,6,6,6,6,6,6,6,6,6,6,6,6,6,6,6,6,6,6,6,6,6,4,3,4,4,4,4,4,4,4,4,4,5,3,3,2,3,3,2,2,2,2,6,6,6,6,2,2,3,2,2,2,2,3,2,3,4,4,4,4,3,3,3,3,3,3,3,3,3,3,3,3,6,6,4,6,6,4,4,4,4,21,2,2,1,,2,United states,9,1,10027
1/19/23 17:22,1/20/23 14:30,0,100,76041,1,1/20/23 14:30,,,,,anonymous,EN,1,1,3,1,3,1,1,1,1,1,1,3,3,3,3,3,3,3,3,6,3,2,3,3,3,3,3,3,3,3,3,3,3,3,3,3,3,4,4,1,1,3,3,2,5,3,4,4,4,3,2,2,2,4,2,2,3,4,4,4,3,4,3,2,4,5,4,5,1,1,4,5,3,3,4,3,3,3,5,4,2,4,3,2,5,4,4,1,6,6,6,4,5,2,6,6,4,4,4,5,6,5,1,2,3,5,4,3,4,2,2,2,2,4,4,4,1,2,3,3,1,1,2,1,3,3,4,3,4,4,2,6,5,7,4,5,6,4,4,7,7,5,5,7,3,7,5,4,6,5,6,7,5,3,1,5,4,7,3,2,5,4,4,5,6,2,3,5,2,5,5,4,5,5,6,4,5,3,3,5,3,6,4,5,6,4,4,7,7,4,5,6,3,4,5,4,5,6,7,7,5,4,2,3,2,2,4,4,3,4,4,4,5,4,2,1,2,2,6,1,1,2,1,1,2,1,2,1,2,2,6,1,2,1,2,1,2,4,3,5,4,,,,2,,,,,1,,3,,5,5,5,5,5,5,4,4,5,19,2,2,1,,3,Alabama,8,1,9952
1/20/23 14:28,1/20/23 15:26,0,100,3491,1,1/20/23 15:26,,,,,anonymous,EN,1,1,3,3,3,2,1,1,1,1,3,2,2,3,2,2,2,3,2,5,2,2,3,3,2,2,3,3,1,2,2,2,2,2,2,2,2,3,4,2,2,4,4,2,4,4,2,4,2,4,2,2,2,3,2,3,3,3,3,2,1,3,4,1,3,3,5,2,1,1,4,5,1,1,2,2,2,2,2,4,2,2,5,1,5,5,2,1,4,5,5,4,4,6,2,3,2,5,1,6,1,4,2,5,2,2,2,3,3,6,4,4,4,3,3,3,1,1,1,1,1,1,1,1,1,1,6,1,4,4,5,5,5,5,6,6,6,6,5,7,6,5,5,5,5,6,6,5,6,5,5,6,5,7,5,5,5,5,3,3,2,3,5,3,3,4,3,4,2,3,2,4,2,5,3,4,5,4,5,5,5,6,5,5,3,5,5,5,5,5,5,5,3,5,3,4,3,5,5,6,6,7,4,5,5,4,3,2,2,4,4,2,3,3,6,1,1,2,6,3,1,1,1,1,1,2,2,1,2,2,1,1,1,1,1,1,2,4,3,4,4,2,1,,,,3,,,,,,,4,5,4,5,5,6,4,3,2,19,1,2,1,,3,South Dakota,2,3,10000
1/20/23 12:26,1/20/23 20:12,0,100,27945,1,1/20/23 20:12,,,,,anonymous,EN,1,1,3,3,3,1,3,2,1,1,1,1,1,3,1,3,3,3,3,6,2,3,1,1,3,3,3,3,3,3,1,1,1,1,3,2,3,4,4,2,2,3,3,2,5,4,4,4,2,4,1,4,2,4,1,5,3,3,5,4,2,3,4,3,3,4,3,3,4,2,4,2,3,3,2,3,4,3,5,5,3,4,3,1,4,5,5,5,5,6,5,5,5,4,6,5,4,4,4,5,5,5,5,5,5,5,5,4,5,4,2,2,2,5,5,5,1,2,2,3,2,3,2,2,2,1,5,2,5,5,3,5,4,3,6,4,5,4,2,7,6,3,5,3,4,6,5,4,4,4,4,5,3,4,5,5,4,5,4,4,5,6,4,5,5,6,4,6,5,6,5,4,4,6,6,5,7,4,5,5,4,4,5,4,6,6,5,6,7,5,7,7,6,7,5,7,6,7,5,6,6,5,2,3,1,2,4,4,4,3,3,1,3,3,1,3,2,2,3,1,1,2,1,2,2,1,6,1,2,1,6,1,3,1,6,2,2,3,1,2,3,2,1,2,3,3,2,1,1,2,1,2,2,3,4,2,3,4,5,5,5,4,19,2,2,1,,2,Illinois,3,3,9838
1/21/23 15:24,1/21/23 15:52,0,100,1676,1,1/21/23 15:52,,,,,anonymous,EN,1,1,3,2,3,1,1,1,1,1,3,1,1,3,1,1,1,3,1,4,2,1,1,2,2,2,2,2,3,1,1,1,3,3,3,1,3,4,4,4,3,4,4,2,2,4,3,4,2,2,2,4,2,4,2,3,4,3,5,3,3,3,3,3,3,5,4,4,1,1,4,5,3,4,4,4,4,4,5,5,2,5,5,1,5,5,5,5,4,5,4,5,4,6,5,4,3,5,4,6,3,4,4,5,4,3,3,3,4,5,4,4,4,3,3,4,5,3,2,3,2,2,5,4,3,3,5,3,5,5,3,3,5,5,5,6,6,6,5,7,7,5,6,6,6,6,6,5,6,5,5,6,7,7,3,4,5,5,5,4,5,3,5,5,5,5,4,3,6,5,5,5,5,4,4,4,5,6,3,3,3,4,4,5,4,4,6,6,6,4,4,4,6,5,4,4,4,4,4,4,6,6,4,4,4,4,3,3,2,3,3,4,5,4,1,1,6,1,6,2,1,2,1,1,6,1,6,2,6,1,1,1,2,2,1,1,2,4,4,4,3,,3,,,1,,2,,,,,,4,5,5,5,5,5,5,5,4,19,2,2,1,,3,Alabama,2,2,9955
1/21/23 17:30,1/21/23 18:09,0,100,2333,1,1/21/23 18:09,,,,,anonymous,EN,1,1,3,1,3,1,3,1,3,1,3,3,3,2,3,3,3,2,2,5,1,3,1,3,2,3,2,3,3,1,3,1,3,3,3,3,3,5,3,3,4,4,3,2,4,5,5,4,2,4,3,2,2,4,2,5,4,3,4,2,1,4,3,2,4,5,5,4,1,1,5,5,4,3,4,3,4,5,3,3,5,6,6,1,4,6,5,3,4,6,6,5,6,6,4,6,6,6,5,6,4,5,4,4,4,4,1,3,4,4,3,3,3,5,5,5,3,1,1,6,2,1,5,4,2,2,5,5,6,6,5,5,6,6,7,5,7,7,6,7,7,6,6,7,5,7,7,7,5,5,7,7,7,7,3,5,7,6,7,4,5,7,3,5,6,6,6,7,2,7,7,7,5,4,4,5,7,7,6,6,7,6,7,6,7,7,7,7,7,5,6,7,5,6,7,7,6,7,7,7,7,7,3,3,3,3,4,4,5,4,4,3,4,5,6,1,3,2,3,2,1,1,1,1,6,1,3,1,3,3,1,1,2,1,2,2,2,3,2,4,3,1,,,2,3,,,,,,,,6,6,6,6,6,6,6,6,6,18,2,2,1,,2,Florida,8,2,9868
1/21/23 20:52,1/21/23 21:39,0,100,2790,1,1/21/23 21:39,,,,,anonymous,EN,1,1,3,3,3,2,3,1,3,1,3,2,2,3,3,3,3,3,3,6,2,3,3,1,2,2,2,3,2,2,2,2,2,2,2,3,3,1,5,1,1,2,1,3,5,3,2,4,2,4,1,1,1,1,1,5,4,4,4,3,1,4,3,2,3,5,5,5,1,1,5,5,5,4,5,5,5,5,6,6,4,5,5,4,5,6,5,5,4,5,6,5,4,6,6,6,5,6,4,6,5,6,3,3,5,6,4,2,2,4,2,2,1,6,6,6,1,1,1,1,1,1,1,1,2,2,5,2,6,5,5,4,6,7,7,7,7,7,3,7,7,6,7,7,7,7,7,4,5,6,7,7,5,7,4,4,7,7,7,7,7,7,4,7,7,6,7,7,7,7,5,6,6,7,7,7,4,7,5,4,7,7,7,7,5,6,3,6,7,6,7,7,7,7,6,5,7,6,7,7,6,7,5,5,5,5,5,5,5,4,5,5,5,5,6,2,3,6,6,2,1,2,1,2,6,2,3,1,3,2,6,2,6,2,1,2,3,5,5,5,4,1,,,2,3,,,,,,,,6,6,5,6,5,6,5,6,4,20,2,2,1,,5,Alabama,2,2,10015
1/22/23 11:18,1/22/23 11:42,0,100,1461,1,1/22/23 11:42,,,,,anonymous,EN,1,1,3,3,3,2,3,1,3,2,3,3,3,3,3,3,3,3,3,6,3,3,3,3,3,3,3,3,3,1,3,1,3,3,3,3,3,3,2,2,5,3,2,2,3,4,1,2,1,4,5,1,2,1,2,3,2,3,1,2,2,2,1,1,3,5,5,4,1,1,5,5,3,3,4,3,3,4,5,5,1,3,2,1,5,4,4,3,1,6,5,4,4,4,4,3,1,4,1,6,2,4,5,4,2,6,4,2,2,4,2,2,2,2,2,3,1,2,1,1,2,2,1,1,1,1,5,1,4,4,5,6,6,6,6,6,6,5,7,7,6,5,5,4,5,6,6,6,7,4,6,7,7,5,5,5,4,5,5,2,5,2,7,6,6,4,5,5,6,3,2,5,6,3,3,7,6,3,5,6,5,6,5,7,5,6,7,7,6,5,5,5,5,5,6,5,7,5,5,7,7,5,3,4,3,3,3,4,5,4,4,4,5,5,1,1,2,2,6,1,2,1,1,1,1,2,2,1,2,1,1,1,1,2,1,1,1,3,3,5,2,1,2,,3,,,,,,,,,2,4,4,5,5,6,5,5,4,19,1,2,1,,3,Indiana,2,6,10048
1/22/23 11:36,1/22/23 12:11,0,100,2143,1,1/22/23 12:11,,,,,anonymous,EN,1,2,3,3,3,3,3,1,1,1,2,3,3,2,3,1,2,2,2,6,3,3,1,2,3,3,3,3,2,2,2,3,3,2,2,2,2,3,5,1,1,4,3,2,4,4,4,4,2,3,1,1,1,1,1,3,4,4,4,3,1,3,2,1,4,5,5,4,1,1,4,4,2,2,2,2,1,1,5,5,2,4,4,1,4,5,4,1,5,5,5,4,5,1,6,6,1,5,1,6,1,6,2,1,1,5,2,1,3,4,1,1,2,5,5,5,1,1,6,4,1,1,1,1,2,1,6,1,4,5,4,5,5,5,5,5,5,6,4,6,6,6,5,5,5,6,6,5,5,6,6,5,5,5,4,5,6,5,5,5,6,6,4,6,6,5,4,6,6,6,6,4,5,5,6,5,6,4,4,4,5,5,4,4,5,5,4,6,6,4,4,5,4,6,4,4,5,5,5,5,5,4,2,3,1,3,4,5,5,4,1,1,2,4,6,3,2,3,6,2,2,2,1,1,6,1,6,1,2,3,3,1,6,1,2,2,2,5,5,5,5,1,,,2,,3,,,,,,,4,5,2,4,4,5,4,4,3,36,2,2,2,,4,alabama,9,1,10051
1/22/23 11:34,1/22/23 12:47,0,100,4340,1,1/22/23 12:47,,,,,anonymous,EN,1,1,3,3,3,3,1,1,1,1,3,1,3,3,3,3,3,3,3,6,3,3,3,3,3,3,3,3,1,3,2,3,3,3,2,3,3,3,4,2,2,4,3,2,4,4,4,4,1,3,2,3,2,3,1,4,4,4,4,2,3,2,3,3,2,5,3,4,1,2,3,3,2,3,2,2,4,3,6,5,2,3,5,2,5,5,4,2,4,5,6,3,4,5,6,6,2,5,4,6,6,4,3,4,3,5,4,3,5,4,2,2,3,5,4,5,3,3,4,5,2,2,4,5,3,2,4,2,5,4,2,5,6,4,5,5,6,4,4,6,5,6,5,6,5,6,5,4,5,5,4,6,6,4,3,4,4,4,4,4,4,4,4,4,4,4,4,4,4,4,4,4,4,4,4,4,4,4,4,4,4,4,4,4,4,4,4,4,4,4,4,4,4,4,4,4,5,5,5,5,5,5,2,3,2,3,4,5,4,3,4,3,3,5,2,6,2,1,2,6,2,2,1,2,6,1,2,6,2,2,2,1,1,2,2,1,2,3,4,4,3,2,3,,1,,,,,,,,,5,5,4,5,4,5,4,4,4,19,2,2,"1,2",,3,Alabama,8,3,10021
1/22/23 15:17,1/22/23 15:52,0,100,2078,1,1/22/23 15:52,,,,,anonymous,EN,1,1,3,2,3,1,1,1,1,1,3,1,1,2,2,1,1,1,1,4,1,1,1,1,2,2,3,3,2,3,3,3,3,3,3,3,3,3,3,2,1,2,2,4,4,4,3,3,4,4,2,1,1,2,2,3,3,4,3,1,1,2,3,1,2,5,4,4,1,2,4,5,1,1,3,1,2,4,5,4,2,3,4,3,3,5,4,3,5,5,5,5,5,5,6,4,4,5,3,6,4,4,4,6,4,5,1,4,2,5,5,4,6,3,3,3,3,2,5,6,2,1,2,5,3,3,5,2,6,6,5,6,7,6,7,4,5,5,5,6,6,7,5,6,4,7,5,4,4,5,6,6,6,7,4,4,4,4,4,4,4,4,4,4,4,4,4,4,4,4,4,4,4,4,4,4,4,4,5,5,5,5,5,5,5,5,4,5,5,5,5,5,5,5,5,5,5,5,5,5,5,5,4,3,3,3,3,2,2,2,4,4,4,5,3,1,6,1,3,3,1,1,2,1,2,1,6,2,3,1,1,1,1,1,1,1,2,5,4,4,4,,,,1,2,,,,,,3,,5,5,2,3,6,5,5,5,6,19,2,2,1,,3,New York,3,2,10060
1/22/23 18:30,1/22/23 19:04,0,100,2008,1,1/22/23 19:04,,,,,anonymous,EN,1,3,3,1,3,1,1,1,1,1,2,1,1,1,1,1,1,3,3,6,3,3,1,3,3,3,3,3,1,3,3,3,2,3,3,2,2,1,3,1,1,1,1,3,4,4,2,4,1,5,2,3,5,1,1,5,4,5,5,4,1,2,1,1,3,5,5,5,1,1,5,5,1,1,2,2,2,3,4,6,1,2,4,1,3,4,4,4,5,5,5,5,5,4,5,5,1,5,4,4,5,4,2,2,3,6,2,2,4,5,1,1,1,6,6,6,1,1,1,1,1,1,1,1,3,3,5,2,5,5,4,4,5,5,5,5,5,6,1,7,7,5,5,6,7,7,5,5,7,7,7,7,7,7,7,4,4,7,7,7,7,7,1,7,7,5,7,7,7,7,7,7,7,7,7,7,7,7,7,3,3,7,7,7,7,7,2,7,7,7,7,7,7,7,7,7,7,7,6,6,7,7,5,5,5,5,5,5,5,4,4,4,4,5,1,1,1,1,1,1,1,3,1,1,1,1,1,1,1,3,1,1,1,1,1,1,3,5,3,3,3,2,,1,,,,,3,,,,,6,6,4,6,6,6,6,5,6,32,2,2,2,,3,Florida,8,1,10075
1/23/23 14:19,1/23/23 14:49,0,100,1746,1,1/23/23 14:49,,,,,anonymous,EN,1,1,3,3,3,2,1,1,3,1,1,1,3,3,3,1,3,3,3,5,3,2,3,1,3,2,3,2,3,2,2,3,2,2,2,2,2,4,4,3,2,3,4,2,4,4,4,4,2,3,3,3,3,3,2,3,4,4,4,3,2,2,4,2,3,5,5,5,1,1,5,5,4,4,5,3,5,5,5,6,3,5,5,1,6,6,6,4,5,5,6,5,5,4,5,5,4,6,4,6,5,5,2,6,6,5,2,4,5,5,2,2,3,4,4,5,2,1,4,5,1,1,1,2,2,2,2,2,5,5,6,6,5,6,6,6,6,7,4,6,6,6,6,6,6,6,6,6,6,6,6,6,6,6,5,5,5,5,5,5,5,6,5,6,6,5,5,5,5,5,5,5,5,5,5,6,5,5,6,6,6,6,6,6,6,6,6,6,6,6,6,6,6,6,6,6,6,6,6,6,6,6,3,3,2,2,4,4,4,4,4,4,4,4,6,3,3,2,3,3,1,2,1,1,6,1,3,2,6,3,2,1,6,1,1,1,2,5,5,5,2,,,,1,3,,,,,,2,,6,6,6,5,5,5,5,5,6,20,2,2,1,,3,Massachuttess,3,2,9871
1/23/23 19:13,1/23/23 19:54,0,100,2414,1,1/23/23 19:54,,,,,anonymous,EN,1,1,3,2,3,1,1,1,1,1,1,1,3,1,3,3,2,3,3,6,1,1,3,1,2,2,3,3,3,1,3,3,3,3,3,1,3,5,3,1,1,4,2,1,3,4,5,4,1,4,3,1,4,5,1,4,2,3,4,5,1,5,5,1,3,5,3,2,1,2,4,5,1,1,1,2,1,1,5,4,2,1,3,1,6,4,5,5,6,5,6,3,4,2,4,6,1,4,6,6,6,3,1,1,3,3,1,2,3,3,2,1,2,5,6,6,3,1,4,1,1,1,3,1,1,1,6,1,6,6,6,7,6,4,5,1,4,3,1,1,5,5,2,1,1,5,6,4,1,7,7,7,7,5,3,2,5,1,5,1,4,3,1,1,7,5,6,5,6,7,7,4,1,7,6,3,7,1,7,6,5,3,5,1,2,4,2,6,6,3,6,6,7,2,4,4,6,7,6,6,7,5,1,2,1,3,4,2,4,4,3,5,4,5,2,6,2,1,6,6,1,3,1,1,6,1,6,6,1,6,1,1,6,6,3,3,4,3,2,3,5,1,,2,,,3,,,,,,,4,4,3,4,4,5,2,1,3,20,2,2,2,,3,California,3,1,10120
1/23/23 20:02,1/23/23 20:30,0,100,1676,1,1/23/23 20:30,,,,,anonymous,EN,1,3,3,3,3,2,1,1,3,1,3,3,2,2,1,2,3,3,2,5,1,2,1,1,3,3,3,2,1,3,2,3,2,3,2,2,3,2,2,2,2,3,2,2,5,5,3,4,4,2,3,3,3,4,1,3,3,4,4,3,3,4,4,3,4,4,4,4,1,1,5,5,3,3,4,3,4,4,4,5,4,4,4,5,5,5,5,5,5,5,5,5,5,5,6,5,4,5,5,6,5,5,5,5,5,5,4,5,5,5,5,5,5,1,2,2,1,1,1,4,1,1,1,3,2,2,5,5,5,5,3,4,3,5,5,5,5,5,4,5,5,5,5,5,5,5,5,5,5,5,5,5,5,5,3,4,4,4,4,4,4,4,4,5,5,5,5,5,5,5,5,5,5,5,5,5,5,5,4,5,3,5,5,5,5,5,4,5,5,5,5,5,5,5,5,5,5,5,5,5,5,5,4,4,4,4,4,4,4,3,3,4,4,3,6,6,6,2,6,2,2,1,1,1,6,1,6,2,2,2,2,2,1,1,1,1,2,5,5,5,4,2,3,2,3,3,2,2,3,3,3,3,2,5,5,5,5,5,5,5,5,5,19,2,2,1,,3,Alabama,8,2,10087
1/23/23 20:35,1/23/23 20:59,0,100,1446,1,1/23/23 20:59,,,,,anonymous,EN,1,1,3,3,3,2,3,1,1,1,3,3,3,3,3,3,3,3,3,6,3,3,3,3,3,3,3,3,2,3,3,3,3,3,3,3,3,5,5,2,1,5,4,5,5,5,2,5,1,5,1,1,5,3,1,3,5,5,5,5,1,5,5,1,5,5,5,5,1,1,5,5,1,1,4,2,2,4,6,6,4,4,4,1,5,5,4,2,5,5,6,5,5,6,5,5,2,5,5,6,6,6,1,1,4,3,3,2,3,1,1,1,1,6,6,6,1,1,1,2,1,1,1,1,1,1,6,1,6,6,5,6,6,6,5,4,5,6,5,7,5,6,4,5,5,4,6,4,3,4,5,5,7,7,4,6,6,6,6,4,5,6,5,6,5,5,4,5,5,4,5,5,4,5,5,5,7,7,5,5,5,5,5,5,5,5,5,6,6,6,5,5,5,5,5,5,5,5,5,5,6,6,3,3,2,3,4,4,4,3,5,5,5,5,3,3,1,1,3,1,1,6,1,1,1,1,2,1,1,3,3,1,1,3,1,3,3,3,3,5,3,1,,,3,,,,,,,2,,5,2,2,2,2,5,5,5,2,20,2,2,1,,4,Alabama,2,3,9934
1/24/23 10:11,1/24/23 10:18,0,100,418,1,1/24/23 10:18,,,,,anonymous,EN,1,3,1,1,1,3,2,2,1,2,2,1,2,3,3,3,1,1,3,6,3,1,1,1,1,2,2,1,2,1,2,2,3,3,2,1,3,3,3,3,3,3,3,3,3,3,3,3,3,3,3,3,3,3,3,3,3,3,3,3,3,3,3,3,3,3,3,3,3,3,3,3,3,3,3,3,3,3,3,3,3,3,3,3,3,3,3,3,3,3,3,3,3,3,1,2,3,4,3,1,2,5,4,3,2,3,3,2,3,3,4,4,4,4,4,4,4,4,4,4,4,4,4,4,3,4,3,3,4,3,4,4,4,4,4,4,4,4,4,4,4,4,4,4,4,4,4,4,4,4,4,4,4,4,4,4,4,4,4,4,4,4,4,4,4,4,4,4,4,4,4,4,4,4,4,4,4,4,4,4,4,4,4,4,4,4,4,4,4,4,4,4,4,4,4,4,4,4,4,4,4,4,3,3,3,3,3,3,3,3,3,3,3,3,2,2,2,2,2,2,6,1,3,2,6,2,1,6,6,2,3,2,1,6,2,3,3,3,3,3,3,1,,,,,,3,,2,,,,6,6,6,6,6,3,4,5,2,20,1,2,1,,2,alabama,8,3,9913
1/24/23 13:53,1/24/23 15:22,0,100,5307,1,1/24/23 15:22,,,,,anonymous,EN,1,1,3,2,3,2,3,1,3,1,1,1,1,1,1,3,2,1,3,4,1,1,3,1,3,3,3,3,1,3,3,3,3,3,3,3,3,3,3,2,3,2,3,2,4,4,4,4,2,2,3,3,3,4,2,2,4,4,3,2,1,3,3,2,3,5,5,5,1,1,4,5,2,2,3,2,4,4,4,4,5,5,5,2,4,5,5,5,3,5,5,4,5,6,5,5,5,6,4,6,5,5,4,4,4,4,2,4,5,4,4,4,5,2,2,2,5,2,4,5,2,1,3,4,2,4,4,2,2,4,4,5,5,6,5,5,6,6,4,7,6,6,5,6,3,5,5,4,5,5,5,5,7,7,4,5,5,5,5,5,6,5,4,7,7,7,6,6,3,6,5,4,4,5,5,5,7,7,5,5,5,5,5,6,6,5,5,7,7,7,6,7,4,4,4,4,4,5,6,6,7,7,4,3,3,4,5,5,5,4,4,4,4,4,2,1,6,1,6,1,1,2,1,1,6,1,6,1,6,1,2,1,2,2,2,2,3,3,3,4,4,3,3,3,3,3,2,2,2,2,1,2,1,5,5,5,5,5,5,4,5,5,20,2,2,1,,3,Alabama,2,2,10144
1/24/23 13:50,1/24/23 15:28,0,100,5890,1,1/24/23 15:28,,,,,anonymous,EN,1,1,2,3,3,1,1,1,1,1,1,3,3,3,3,3,3,3,3,4,2,3,2,2,3,3,1,2,3,3,3,3,3,3,3,1,3,2,5,1,1,1,3,3,4,4,3,5,3,3,1,1,2,2,1,5,5,5,5,5,2,5,5,2,5,5,4,4,1,1,4,5,1,1,3,2,3,3,5,5,6,3,3,1,5,5,5,5,5,5,5,5,5,5,5,5,5,5,5,5,5,5,5,5,3,3,5,5,5,5,3,3,4,4,3,3,1,1,2,3,2,1,1,1,3,2,4,1,4,4,2,4,5,5,7,4,7,5,4,7,7,6,6,7,2,5,5,1,4,4,6,6,6,7,1,4,5,5,6,5,6,5,3,4,5,5,5,6,2,6,6,6,5,5,7,6,6,5,2,5,5,6,6,4,5,5,5,6,6,5,5,6,5,5,5,6,6,3,7,7,6,7,3,3,2,2,5,5,4,3,5,5,5,5,2,1,6,1,6,1,1,1,1,1,2,1,2,1,6,1,1,1,1,1,1,1,1,5,4,4,3,,,,2,1,,,,,,3,,5,5,5,5,5,5,5,5,5,20,2,2,1,,3,Tennessee,1,2,10147
1/24/23 18:36,1/24/23 19:01,0,100,1476,1,1/24/23 19:01,,,,,anonymous,EN,1,1,3,3,3,3,1,1,1,1,1,1,3,1,1,1,1,1,1,6,2,2,2,1,2,3,3,3,1,2,2,2,2,3,2,2,2,3,4,3,4,5,5,4,2,1,2,4,5,4,3,5,4,5,4,5,4,5,4,3,4,5,4,3,4,4,5,5,4,4,5,5,4,5,5,3,4,5,5,6,4,5,4,2,6,5,6,4,6,5,5,4,3,6,6,5,6,6,5,6,6,5,4,5,6,6,6,5,6,6,5,4,6,6,6,5,1,1,2,1,2,1,6,1,2,1,6,2,5,5,6,7,6,7,6,7,6,5,7,6,7,6,5,6,7,7,7,6,7,7,6,7,6,7,6,7,5,6,7,6,7,6,7,6,7,6,7,6,5,6,7,6,7,5,6,7,6,7,6,7,5,6,4,6,7,4,3,5,6,7,6,6,7,7,6,7,5,6,7,6,7,6,5,4,5,5,4,5,5,4,5,4,4,4,3,6,3,1,6,2,6,3,2,6,2,6,3,6,2,6,3,2,3,6,3,3,2,4,2,4,5,2,1,,3,,,,,,,,,6,6,6,6,6,5,5,6,5,39,2,2,1,,5,United States,1,2,10156
1/17/23 20:14,1/17/23 20:16,0,3,93,0,1/24/23 20:16,,,,,anonymous,EN,1,,,,,,,,,,,,,,,,,,,,,,,,,,,,,,,,,,,,,,,,,,,,,,,,,,,,,,,,,,,,,,,,,,,,,,,,,,,,,,,,,,,,,,,,,,,,,,,,,,,,,,,,,,,,,,,,,,,,,,,,,,,,,,,,,,,,,,,,,,,,,,,,,,,,,,,,,,,,,,,,,,,,,,,,,,,,,,,,,,,,,,,,,,,,,,,,,,,,,,,,,,,,,,,,,,,,,,,,,,,,,,,,,,,,,,,,,,,,,,,,,,,,,,,,,,,,,,,,,,,,,,,,,,,,,,,9859
1/24/23 23:11,1/25/23 0:44,0,100,5628,1,1/25/23 0:44,,,,,anonymous,EN,1,1,3,3,3,3,3,1,1,1,1,3,1,2,2,2,1,1,1,4,2,2,1,1,2,3,3,2,2,1,2,2,3,3,2,2,3,3,2,3,3,1,4,3,3,4,3,2,4,3,2,4,2,2,3,4,2,3,3,1,4,3,1,3,2,4,3,4,2,3,3,4,1,2,3,2,3,3,5,3,6,4,3,2,4,3,4,5,3,5,4,4,2,6,4,3,5,5,3,6,2,5,3,5,4,2,3,4,5,4,3,3,4,2,3,3,4,3,2,1,1,2,3,6,2,2,6,1,4,4,3,4,6,5,3,7,4,6,4,3,3,5,6,6,5,5,5,4,4,3,5,4,6,5,4,4,5,5,4,6,6,5,4,3,3,5,4,4,4,5,5,5,4,3,5,3,5,4,4,4,5,4,6,7,4,5,4,3,3,5,5,4,4,5,4,3,4,4,5,4,6,5,3,2,2,2,3,3,2,3,2,1,2,1,2,2,2,2,6,1,1,2,6,1,1,1,2,1,2,6,2,1,1,2,1,2,2,4,3,2,4,3,2,2,3,2,1,2,2,2,2,1,3,4,5,4,6,6,5,3,3,2,21,1,2,1,,3,alabama,8,2,10159
1/25/23 13:10,1/25/23 13:30,0,100,1196,1,1/25/23 13:30,,,,,anonymous,EN,1,1,3,3,3,1,1,1,1,1,2,2,3,3,1,1,3,1,1,6,3,2,1,2,1,2,1,1,2,2,2,1,1,2,3,1,2,4,3,2,4,4,4,4,4,5,4,4,4,2,4,3,4,4,4,4,3,5,5,4,2,3,4,1,4,5,5,4,4,1,5,5,5,4,4,3,4,3,3,4,2,3,4,4,4,4,4,4,5,5,5,5,5,5,5,4,3,4,4,4,5,3,3,4,4,2,4,3,4,4,2,2,4,4,4,5,4,4,2,1,1,1,5,5,4,5,5,2,4,5,5,6,5,5,6,3,5,7,5,6,6,6,6,5,7,6,3,5,1,5,5,5,5,6,5,7,4,6,6,6,5,5,5,5,5,5,5,5,5,4,3,5,4,5,5,5,4,5,5,4,5,5,5,4,6,5,5,5,5,4,5,4,2,6,5,2,3,5,5,5,6,5,4,3,3,3,4,4,5,4,5,4,4,4,3,3,6,3,6,6,6,6,6,6,6,6,6,3,6,6,3,6,6,3,6,6,1,4,4,4,5,,1,,,,,,2,,,3,,5,5,4,4,4,2,3,4,5,20,2,2,1,,3,illinois,3,2,10165
1/25/23 15:56,1/25/23 16:37,0,100,2451,1,1/25/23 16:37,,,,,anonymous,EN,1,1,3,2,3,1,1,1,1,1,3,1,1,1,1,1,1,1,1,6,3,1,1,1,3,3,3,2,1,3,2,3,2,3,2,3,3,5,5,2,1,5,5,3,5,4,5,4,1,3,3,2,5,5,3,5,4,5,5,5,4,4,5,2,4,5,5,5,1,1,5,4,3,4,5,5,5,5,6,6,5,6,4,3,6,6,6,4,6,6,6,4,6,6,6,6,5,6,6,6,2,5,5,6,4,6,6,4,4,6,4,3,3,6,5,5,3,1,4,2,1,1,4,3,1,1,6,1,6,6,6,6,6,7,7,7,7,7,5,7,7,5,7,7,6,7,7,6,6,4,5,7,7,7,5,3,3,7,7,1,4,7,5,7,7,4,5,7,3,7,7,5,5,4,7,7,7,7,7,7,4,7,7,7,7,7,5,7,7,4,5,7,4,7,7,4,4,4,5,6,6,7,4,4,3,4,4,4,4,3,5,2,5,5,2,1,6,1,6,1,1,1,1,1,1,6,6,1,1,6,6,1,1,1,1,1,2,4,3,4,5,3,,1,,2,,,,,,,,5,6,4,5,6,5,6,5,3,18,2,2,1,,3,Mississippi,2,2,9790
1/26/23 0:25,1/26/23 1:03,0,100,2312,1,1/26/23 1:03,,,,,anonymous,EN,1,1,3,1,3,1,1,1,1,1,3,3,3,2,3,3,3,3,3,6,1,3,3,3,3,3,3,3,2,3,3,3,3,3,3,3,3,5,4,2,3,4,1,3,4,4,4,3,2,5,5,3,1,4,1,5,2,4,2,2,1,4,4,1,4,5,5,5,1,1,4,5,3,3,4,3,3,3,5,5,2,3,3,1,5,5,3,3,4,6,5,4,4,2,5,4,3,4,3,5,6,4,2,3,4,3,4,3,3,3,3,3,3,4,4,4,2,2,2,2,1,1,1,1,3,2,5,2,5,5,3,5,7,5,6,6,6,6,5,5,6,5,6,6,6,5,5,5,5,5,5,6,6,6,3,5,6,6,6,6,6,6,4,5,6,5,6,6,6,6,5,4,4,5,5,5,5,5,3,3,3,3,3,3,3,3,3,3,3,3,3,3,3,3,3,3,3,3,3,3,3,3,4,4,4,4,4,4,4,4,4,3,4,4,3,2,1,1,3,1,1,1,1,1,1,1,6,1,1,6,6,1,6,1,1,1,1,2,1,3,3,,,,1,2,,,,,3,,,4,5,5,6,6,6,6,4,4,33,2,2,1,,4,georgia,3,6,10228
1/19/23 11:03,1/19/23 11:07,0,3,204,0,1/26/23 11:07,,,,,anonymous,EN,1,,,,,,,,,,,,,,,,,,,,,,,,,,,,,,,,,,,,,,,,,,,,,,,,,,,,,,,,,,,,,,,,,,,,,,,,,,,,,,,,,,,,,,,,,,,,,,,,,,,,,,,,,,,,,,,,,,,,,,,,,,,,,,,,,,,,,,,,,,,,,,,,,,,,,,,,,,,,,,,,,,,,,,,,,,,,,,,,,,,,,,,,,,,,,,,,,,,,,,,,,,,,,,,,,,,,,,,,,,,,,,,,,,,,,,,,,,,,,,,,,,,,,,,,,,,,,,,,,,,,,,,,,,,,,,,9940
1/26/23 22:05,1/26/23 22:39,0,100,2043,1,1/26/23 22:39,,,,,anonymous,EN,1,1,3,3,3,3,3,1,3,1,3,3,3,3,2,2,3,1,2,6,1,3,2,3,3,3,3,3,3,3,3,2,3,3,3,2,3,5,2,3,1,5,1,1,4,4,3,3,1,3,3,1,4,2,1,3,3,3,4,4,1,2,3,1,2,5,5,3,1,1,3,4,1,1,3,1,3,3,5,3,4,3,4,2,3,2,4,3,5,5,4,5,4,2,4,6,1,6,5,6,4,5,2,3,3,6,1,5,6,3,1,1,2,5,5,5,1,1,1,1,2,2,4,4,2,2,6,1,6,6,5,5,5,4,3,3,5,5,3,7,7,5,5,5,3,4,3,3,4,7,6,5,5,5,7,7,4,2,2,2,4,5,1,6,5,4,5,6,1,4,1,1,4,7,5,7,4,2,7,4,1,3,1,1,4,5,1,7,5,4,4,5,1,3,1,1,4,7,5,7,5,1,2,3,2,2,3,4,4,3,4,4,4,4,1,6,6,1,3,2,1,1,1,1,3,1,6,1,3,1,3,1,1,1,1,1,1,4,2,4,3,,,,1,,,3,,,,2,,5,5,3,6,6,6,1,1,4,19,2,2,2,,3,Alabama,8,1,9772
1/19/23 13:19,1/20/23 10:02,0,5,74576,0,1/27/23 10:02,,,,,anonymous,EN,1,,,,,,,,,,,,,,,,,,,,,,,,,,,,,,,,,,,,,,,,,,,,,,,,,,,,,,,,,,,,,,,,,,,,,,,,,,,,,,,,,,,,,,,,,,,,,,,,,,,,,,,,,,,,,,,,,,,,,,,,,,,,,,,,,,,,,,,,,,,,,,,,,,,,,,,,,,,,,,,,,,,,,,,,,,,,,,,,,,,,,,,,,,,,,,,,,,,,,,,,,,,,,,,,,,,,,,,,,,,,,,,,,,,,,,,,,,,,,,,,,,,,3,1,,,,,,2,,,,,,,,,,,,,,,,,,,,10015
1/27/23 15:08,1/27/23 16:00,0,100,3122,1,1/27/23 16:00,,,,,anonymous,EN,1,1,3,3,3,3,3,1,3,1,3,3,3,3,3,3,3,3,3,6,1,1,1,1,1,1,1,1,2,2,3,2,3,2,3,2,3,3,5,3,4,2,4,2,4,5,4,4,3,4,1,3,2,3,2,4,3,4,5,3,1,4,3,1,2,5,5,5,4,1,5,5,2,2,3,3,3,3,4,4,3,6,6,1,2,4,3,4,4,6,6,4,4,1,4,6,4,6,5,6,5,6,3,3,4,2,2,3,4,2,1,1,1,1,1,5,1,2,3,2,2,4,2,4,2,2,4,2,2,4,6,7,5,7,6,5,7,6,4,7,7,5,6,7,5,5,5,4,5,6,6,6,7,4,4,3,5,5,4,3,3,5,4,5,5,4,6,6,7,5,3,4,4,5,5,5,6,4,5,5,3,6,6,6,5,4,4,5,5,4,5,6,6,4,3,3,4,3,5,5,6,4,3,3,2,3,5,5,5,5,3,4,4,5,6,1,2,1,3,2,1,1,1,6,2,1,2,1,2,1,1,1,1,1,1,1,3,2,4,5,3,2,2,1,3,3,2,1,3,2,2,3,2,5,5,4,6,6,6,5,4,4,19,2,2,"1,2",,3,Washington State,11,3,9784
1/28/23 13:17,1/28/23 14:07,0,100,2974,1,1/28/23 14:07,,,,,anonymous,EN,1,3,3,3,3,3,3,1,1,1,3,2,2,2,3,2,2,3,2,6,1,1,1,3,3,3,2,2,2,3,3,3,3,3,3,3,3,5,3,3,2,1,4,5,4,5,3,4,5,4,5,2,4,3,2,4,4,4,4,3,2,2,1,2,3,5,5,4,1,1,4,4,1,3,2,5,5,3,4,5,6,4,2,1,5,5,1,1,6,6,5,3,4,6,6,6,5,6,6,6,6,4,1,5,5,6,1,4,6,4,1,1,3,6,5,6,4,1,3,5,2,2,2,2,4,4,5,2,5,6,3,5,5,4,5,2,5,5,2,6,6,2,6,4,4,6,5,4,5,4,5,6,7,5,4,5,5,4,3,3,3,4,3,5,5,3,5,5,3,5,3,5,4,4,5,6,7,4,5,5,4,6,2,6,6,6,3,5,6,2,6,7,7,7,4,4,4,3,6,7,7,5,4,3,4,4,4,4,3,4,5,4,4,5,1,1,1,1,6,1,1,1,1,1,1,1,6,1,1,1,6,1,1,2,1,6,5,3,5,5,5,1,2,3,,,,,,,,,,6,3,2,5,5,5,2,5,4,21,1,2,1,,4,Alabama,8,2,9778
1/21/23 14:29,1/21/23 14:43,0,10,832,0,1/28/23 14:43,,,,,anonymous,EN,1,,,,,,,,,,,,,,,,,,,,,,,,,,,,,,,,,,,,,5,5,3,1,5,4,1,3,5,2,5,1,1,1,3,5,3,1,4,5,4,5,3,3,5,5,5,3,,,,,,,,,,,,,,,,,,,,,,,,,,,,,,,,,,,,,,,,,,,,,,1,1,1,6,6,6,,,,,,,,,,,,,,,,,,,,,,,,,,,,,,,,,,,,,,,,,,,,,,,,,,,,,,,,,,,,,,,,,,,,,,,,,,,,,,,,,,,,,,,4,4,5,4,4,3,4,4,5,5,5,5,3,3,2,3,3,6,2,2,2,3,3,1,3,1,6,3,3,6,3,2,3,3,,,,,,,,,,,,,,,,,,,,,,,,,,,,,,,,,,,,10042
1/28/23 20:19,1/28/23 20:47,0,100,1628,1,1/28/23 20:47,,,,,anonymous,EN,1,1,3,3,3,3,1,1,3,1,1,3,3,3,3,3,3,3,3,6,3,3,1,3,3,3,3,3,2,3,3,3,3,3,3,3,3,3,4,1,3,2,1,3,4,4,3,4,2,5,2,1,2,4,1,5,5,5,3,2,1,4,3,1,4,5,4,4,1,1,4,4,3,3,4,4,4,4,6,6,4,2,5,1,6,6,6,2,6,6,6,2,5,1,5,4,2,2,6,6,4,5,2,4,6,5,3,1,3,2,3,3,3,4,4,4,1,1,1,3,1,1,2,1,2,2,5,2,5,5,4,7,7,7,5,4,7,7,6,6,6,5,4,5,7,3,7,4,5,2,6,6,3,3,3,6,6,7,4,3,7,7,5,5,5,3,2,5,7,2,5,5,4,2,6,6,2,2,3,7,7,7,5,5,6,6,5,7,7,3,3,5,7,3,5,5,4,2,6,6,2,2,4,4,4,4,5,5,4,4,5,5,5,5,1,6,6,2,2,1,1,2,2,1,1,1,6,1,2,3,6,1,2,2,1,2,3,4,5,5,5,1,3,,,,2,,,,,,,5,5,4,5,5,5,1,4,3,35,2,2,1,,3,"Wisconsin, USA",9,3,10030
1/28/23 21:32,1/28/23 21:56,0,100,1463,1,1/28/23 21:56,,,,,anonymous,EN,1,1,3,3,3,3,1,1,1,1,3,2,3,3,3,2,3,3,3,4,1,3,1,3,3,3,3,3,1,2,2,2,2,2,2,2,2,4,5,2,2,3,4,4,5,5,1,3,1,2,1,5,2,1,1,4,4,5,3,2,1,2,2,1,5,5,5,5,1,1,5,3,2,2,2,2,2,2,4,5,5,4,3,3,5,5,5,4,6,6,5,5,4,5,5,4,4,6,6,5,5,4,4,4,6,5,5,5,4,6,5,5,4,4,5,4,5,5,4,6,5,6,6,4,4,3,4,4,5,6,6,6,4,5,5,6,6,6,5,5,5,6,7,6,6,5,4,5,5,5,7,6,5,6,7,7,6,6,5,5,7,7,6,6,6,5,7,6,5,5,6,7,5,6,6,7,6,6,5,6,7,7,7,5,5,6,6,7,6,7,6,6,7,6,5,6,6,5,7,7,5,6,4,3,3,4,3,3,4,3,5,4,4,5,1,1,1,6,3,1,1,2,1,1,1,2,1,1,1,3,3,1,3,1,2,1,3,4,4,5,4,1,2,,3,,,,,,,,,5,5,3,4,5,4,5,3,4,20,2,2,1,,3,michigan ,3,2,9802
1/29/23 13:59,1/29/23 14:36,0,100,2218,1,1/29/23 14:36,,,,,anonymous,EN,1,1,3,3,3,2,3,1,3,1,1,1,3,3,3,3,3,3,3,6,1,3,1,3,3,3,3,3,2,3,2,2,2,3,2,3,2,5,2,4,5,5,4,1,2,4,4,3,2,1,3,3,4,4,4,2,4,2,2,4,4,2,4,4,2,5,4,4,1,3,3,4,3,2,3,2,4,4,6,5,1,2,4,1,4,6,6,3,6,5,6,5,5,2,5,4,1,4,4,6,4,4,1,1,2,2,2,2,1,1,4,4,5,3,2,3,6,3,5,4,5,5,5,3,3,1,5,2,5,3,6,5,4,5,5,4,5,6,7,7,5,5,5,6,6,3,3,2,5,7,6,5,7,5,7,7,5,3,3,3,3,6,7,7,2,5,2,5,7,1,2,1,4,7,3,3,7,3,7,3,1,4,2,4,3,5,7,7,4,6,3,6,7,2,2,1,2,7,5,6,7,6,4,2,5,3,4,3,4,4,3,4,3,4,2,1,6,1,6,1,1,2,1,1,2,1,1,1,2,1,1,1,6,2,2,1,1,2,2,3,4,,,,,,1,2,,,3,,,5,5,5,6,4,6,5,6,3,18,2,2,1,,3,Georgia,8,1,10255
1/30/23 15:26,1/30/23 15:52,0,100,1529,1,1/30/23 15:52,,,,,anonymous,EN,1,1,3,3,3,3,3,1,3,1,3,2,2,3,2,2,2,2,2,4,3,3,2,2,3,3,2,2,1,3,3,3,3,3,3,2,3,5,4,1,2,4,4,2,4,4,5,5,2,3,3,2,3,4,2,4,4,5,4,4,2,4,4,2,5,5,5,5,1,1,5,5,3,3,3,1,4,4,4,4,4,5,4,3,4,6,5,6,2,6,6,5,6,2,6,5,5,6,3,6,6,3,5,5,4,6,3,6,5,4,2,2,3,5,5,5,2,2,2,5,3,1,2,3,4,3,4,4,3,4,4,7,7,7,6,6,7,7,5,7,5,5,7,5,5,6,6,4,6,5,4,5,6,6,5,5,7,7,7,6,7,7,5,6,6,5,5,3,6,3,3,3,5,3,3,3,6,3,6,4,7,7,4,7,6,7,6,6,6,6,6,3,5,5,5,3,5,5,4,5,6,5,4,4,2,4,5,5,5,3,4,4,5,4,2,1,2,2,6,3,6,2,1,2,3,2,6,2,3,3,2,1,1,1,1,1,1,4,5,5,3,,,,,,,,,,,,,5,5,4,5,5,5,5,5,4,19,2,2,1,,3,Illinois,3,2,10186
1/31/23 9:53,1/31/23 10:11,0,100,1110,1,1/31/23 10:11,,,,,anonymous,EN,1,1,3,3,3,3,1,1,1,1,3,2,3,3,1,3,3,2,2,4,2,2,2,2,3,2,2,2,3,3,2,1,3,2,2,2,2,3,5,2,2,2,3,3,4,5,5,5,4,4,3,2,2,2,2,4,4,3,3,2,1,3,3,1,5,5,4,4,1,1,5,5,4,4,4,3,4,4,3,3,4,5,5,1,3,5,4,4,4,5,5,5,5,6,6,6,6,6,6,6,1,4,3,6,3,5,2,4,6,5,1,1,1,6,6,6,3,1,2,2,1,1,2,1,1,1,6,1,6,6,6,6,6,6,6,6,6,6,6,6,6,6,6,6,6,7,7,4,6,6,6,7,7,6,6,6,6,6,6,6,6,6,6,6,6,6,6,6,6,6,6,5,6,6,6,6,6,6,6,6,6,6,6,6,6,6,6,6,6,6,6,6,6,6,6,6,6,6,6,6,6,6,4,4,4,4,4,4,4,3,5,4,4,4,6,6,6,6,6,1,1,1,2,1,6,1,6,1,6,3,3,1,1,6,6,6,4,4,4,4,4,,,,,2,,,,,1,3,,4,5,1,4,3,6,5,5,3,19,2,2,1,,3,Alabama,8,2,10273
1/19/23 11:05,1/24/23 12:50,0,15,438264,0,1/31/23 12:50,,,,,anonymous,EN,1,,,,,,,,,,,,,,,,,,,,,,,,,,,,,,,,,,,,,,,,,,,,,,,,,,,,,,,,,,,,,,,,,4,4,3,1,2,3,4,4,4,3,3,4,4,5,4,2,3,2,1,4,4,5,3,3,6,6,4,4,2,5,6,3,4,3,4,3,4,2,2,1,3,4,3,3,2,,,,,,,,,,,,,,,3,3,5,3,4,4,6,5,5,6,6,4,4,5,3,6,6,5,4,6,5,4,3,3,5,4,6,4,5,5,6,6,5,7,6,4,4,6,4,6,5,6,4,5,5,3,3,4,4,4,5,5,6,5,6,5,6,7,6,5,5,6,5,7,6,6,5,6,6,5,3,4,4,4,6,6,5,6,,,,,,,,,,,,,,,,,,,,,,,,,,,,,,,,,,,1,3,3,4,4,,,,,,,,,,,,,,,,,,,,,,,,,,,,,,,9961
1/31/23 21:10,1/31/23 23:24,0,100,8049,1,1/31/23 23:24,,,,,anonymous,EN,1,3,3,3,2,3,1,1,1,1,3,3,3,3,3,3,1,3,1,4,1,3,3,1,3,2,3,3,3,1,3,1,3,3,3,2,3,3,4,2,2,1,3,5,5,4,3,4,5,4,2,4,1,4,2,4,3,2,2,1,2,3,2,2,2,5,4,3,1,1,5,5,2,2,3,3,5,5,5,4,5,3,2,1,4,3,6,4,5,5,5,6,4,5,4,5,5,4,5,5,6,3,6,4,4,6,3,3,4,5,4,4,3,4,4,4,3,2,3,4,3,1,4,4,5,3,5,2,4,4,3,6,7,6,5,6,6,5,4,4,6,3,3,6,3,7,5,3,2,2,4,3,5,6,2,3,6,5,5,6,7,6,4,3,5,5,4,6,5,7,6,4,6,2,3,3,6,5,1,6,7,5,4,7,7,6,3,5,6,5,6,5,3,6,6,5,3,3,5,2,7,6,3,4,4,3,5,5,4,2,4,4,5,5,2,1,6,2,6,2,1,1,1,1,6,1,1,1,2,2,6,2,1,1,1,2,2,3,3,5,5,,,,1,,,,2,,3,,,6,5,4,4,5,5,6,5,4,20,1,2,1,,2,Alabama,1,2,10066
1/25/23 11:28,1/25/23 11:33,0,8,274,0,2/1/23 11:33,,,,,anonymous,EN,1,,,,,,,,,,,,,,,,,,,,,,,,,,,,,,,,,,,,,,,,,,,,,,,,,,,,,,,,,,,,,,,,,,,,,,,,,,,,,,,,,,,,,,,,,,,,,,,,,,,,,,,,,,,,,,,,,,,,,,,,,,,,,,,,,,,,,,,,,,,,,,,,,,,,,,,,,,,,,,,,,,,,,,,,,,,,,,,,,,,,,,,,,,,,,,,,,,,,,,,,,,,,,,,,,,,,,,,,,,,,,,,,,,,,,,,,,,,,,,,,,3,3,3,3,2,2,1,2,2,1,2,2,5,6,5,6,6,6,6,6,6,,,,,,,,,,10183
1/17/23 15:30,1/25/23 14:44,0,3,688479,0,2/1/23 14:44,,,,,anonymous,EN,1,,,,,,,,,,,,,,,,,,,,,,,,,,,,,,,,,,,,,,,,,,,,,,,,,,,,,,,,,,,,,,,,,,,,,,,,,,,,,,,,,,,,,,,,,,,,,,,,,,,,,,,,,,,,,,,,,,,,,,,,,,,,,,,,,,,,,,,,,,,,,,,,,,,,,,,,,,,,,,,,,,,,,,,,,,,,,,,,,,,,,,,,,,,,,,,,,,,,,,,,,,,,,,,,,,,,,,,,,,,,,,,,,,,,,,,,,,,,,,,,,,,,,,,,,,,,,,,,,,,,,,,,,,,,,,,9847
2/1/23 15:55,2/1/23 16:22,0,100,1623,1,2/1/23 16:22,,,,,anonymous,EN,1,1,3,3,3,2,1,1,3,1,3,3,2,3,3,1,1,1,1,6,3,3,3,3,3,3,3,3,1,3,2,3,2,3,2,3,2,5,5,2,2,4,2,1,1,5,4,5,3,2,2,4,3,4,2,4,3,1,4,4,2,2,5,1,4,5,5,4,1,1,5,5,3,4,4,3,3,4,6,5,1,3,5,1,6,6,5,2,3,6,6,4,4,6,5,2,2,5,3,6,1,3,3,1,1,6,2,3,1,5,5,5,5,2,2,2,1,2,1,2,1,1,1,1,4,5,3,2,4,4,4,6,6,7,6,4,6,7,3,7,6,6,6,5,6,7,6,5,3,3,6,6,7,7,3,6,7,7,3,3,5,7,5,7,6,6,5,6,6,6,5,5,3,5,6,6,7,6,3,6,6,7,5,5,5,7,3,7,6,7,6,6,6,7,7,6,6,3,6,6,7,7,4,4,4,4,5,4,3,4,4,4,4,5,2,2,6,2,3,3,2,6,2,1,3,3,3,1,3,1,6,1,3,3,3,2,1,2,3,4,5,,,1,3,,,2,,,,,,4,5,5,6,6,5,5,6,5,21,2,2,1,,3,Alabama,3,1,9907
1/25/23 11:23,1/25/23 19:21,0,52,28683,0,2/1/23 19:21,,,,,anonymous,EN,1,1,3,3,2,3,2,3,3,2,1,2,1,1,2,3,1,2,1,,,,,,,,,,1,3,2,1,1,1,2,1,2,,,,,,,,,,,,,,,,,,,,,,,,,,,,,,,,,,,,,,,,,,,,,,,,,,,,,,,,,,,,,,,,,,,,,,,,,,,,,,,,3,2,5,6,2,3,3,6,,,,,,,,,,,,,,,,,,,,,,,,,,,,,,,,,,,,,,,,,,,,,,,,,,,,,,,,,,,,,,,,,,,,,,,,,,,,,,,,,,,,,,,,,,,1,2,2,1,1,2,1,1,2,1,1,2,1,2,6,3,3,2,1,6,2,6,,,,,,2,2,3,2,2,2,2,1,2,1,3,2,,,,,,,,,,,,,,,,,,,10168
2/3/23 9:20,2/3/23 9:28,0,100,443,1,2/3/23 9:28,,,,,anonymous,EN,1,2,2,1,2,2,1,3,3,2,2,3,2,2,1,2,1,1,2,4,2,3,2,3,2,1,3,1,2,3,2,1,3,1,2,2,2,3,3,3,3,3,3,3,3,3,3,3,3,3,3,3,3,3,3,3,3,3,3,3,3,3,3,3,3,3,3,3,3,3,3,3,3,3,3,3,3,3,4,4,4,4,4,4,4,4,4,4,4,4,4,4,4,4,4,4,4,4,4,4,4,4,3,3,4,4,4,4,4,4,3,3,3,3,3,3,4,4,4,4,4,3,4,4,4,4,4,4,4,4,4,4,4,4,4,4,4,4,4,4,4,4,4,4,4,4,4,4,4,4,4,4,4,4,4,4,4,4,4,4,4,4,4,4,4,4,4,4,4,4,4,4,4,4,4,4,4,4,4,4,4,4,4,4,4,4,4,4,4,4,4,4,4,4,4,4,4,4,4,4,4,4,3,3,3,3,3,3,3,3,3,3,3,3,6,6,6,6,6,6,6,6,6,6,6,6,6,6,6,6,6,6,6,6,6,6,3,3,3,3,3,2,2,2,2,2,2,2,2,2,2,2,2,4,4,4,4,4,4,4,4,4,19,2,2,1,,3,fl,3,2,9847
1/24/23 15:15,1/27/23 11:06,0,11,244285,0,2/3/23 11:06,,,,,anonymous,EN,1,,,,,,,,,,,,,,,,,,,,,,,,,,,,,,,,,,,,,4,4,2,2,5,3,2,3,4,2,3,1,2,2,3,4,5,2,3,3,4,3,5,3,2,4,2,3,,,,,,,,,,,,,,4,3,2,5,3,1,4,5,6,2,2,6,4,5,3,3,5,5,4,6,4,5,2,5,4,3,2,5,2,4,4,3,,,,,,,1,2,4,5,2,2,2,3,,,,,,,,,,,,,,,,,,,,,,,,,,,,,,,,,,,,,,,,,,,,,,,,,,,,,,,,,,,,,,,,,,,,,,,,,,,,,,,4,4,4,3,3,4,4,4,4,4,4,4,,,,,,,,,,,,,,,,,,,,,,,,,,,,,,,,,,,,,,,,,,,,,,,,,,,,,,,,,,9835
2/5/23 18:59,2/5/23 19:19,0,100,1183,1,2/5/23 19:19,,,,,anonymous,EN,1,1,3,2,3,2,1,1,1,1,1,3,1,2,2,3,3,3,3,6,3,1,3,1,3,2,3,3,2,1,3,1,3,3,3,3,3,5,5,3,3,5,1,1,4,5,5,5,2,3,1,4,5,2,2,5,5,4,5,5,1,4,5,1,2,5,5,5,1,1,5,5,4,3,5,5,5,5,6,5,1,2,1,1,5,6,6,1,6,6,5,3,4,2,6,6,1,2,2,6,6,4,1,1,1,2,4,4,1,1,3,3,4,4,4,3,4,1,5,1,1,1,2,2,4,1,5,1,4,5,6,5,7,7,5,3,7,7,4,7,7,7,5,5,5,7,6,4,4,3,5,6,7,7,5,4,6,6,5,2,1,5,4,7,7,7,3,6,7,7,6,4,5,4,3,6,7,7,6,3,5,7,5,5,6,5,4,7,7,7,6,6,7,7,5,4,4,4,4,6,7,7,3,4,3,3,4,5,5,3,3,4,4,5,6,1,3,3,2,1,1,3,2,2,3,2,1,1,6,2,1,1,3,3,3,6,2,3,3,5,5,2,3,,,,1,,,,,,,4,4,4,5,5,4,4,4,1,19,2,2,1,,3,Georgia,1,3,9991
2/6/23 10:55,2/6/23 11:22,0,100,1576,1,2/6/23 11:22,,,,,anonymous,EN,1,1,3,2,3,2,1,1,1,1,3,3,3,3,3,3,3,3,3,5,3,3,3,2,1,2,3,3,3,2,3,1,3,3,2,3,2,4,4,2,3,3,3,2,3,5,5,5,1,2,2,2,2,5,1,5,3,5,5,3,2,2,2,2,3,5,4,4,1,1,5,5,3,3,3,3,4,4,4,4,4,6,6,2,5,5,5,2,3,5,3,6,6,5,3,4,5,5,3,6,3,5,5,6,4,6,4,4,5,5,2,2,2,6,6,6,1,3,4,7,2,2,2,3,3,3,4,2,4,4,5,5,6,7,5,4,5,6,7,7,6,5,5,5,5,7,5,4,5,5,6,7,7,7,5,4,5,7,4,4,5,6,7,7,7,4,5,5,4,7,5,4,4,5,6,7,7,7,5,5,5,7,5,5,6,5,7,7,7,5,5,5,5,7,5,5,5,7,5,7,7,7,3,3,2,2,3,4,3,3,2,2,3,3,6,3,3,2,6,1,2,6,1,6,6,2,3,1,6,1,3,1,1,1,1,1,2,4,3,5,3,,,,,,,,,1,,2,3,5,5,5,5,5,5,5,5,5,20,2,2,1,,3,alabama,3,1,10288
2/6/23 11:18,2/6/23 12:34,0,100,4566,1,2/6/23 12:34,,,,,anonymous,EN,1,1,3,2,3,1,1,1,1,1,1,1,3,3,3,3,3,3,3,6,3,3,3,3,3,3,2,3,3,3,3,3,3,3,3,3,3,4,1,2,2,4,4,2,4,5,4,4,2,4,2,4,1,5,2,2,2,4,2,1,1,1,1,1,4,5,3,2,1,3,3,3,1,1,2,3,1,1,2,3,1,1,4,2,4,3,5,1,3,5,4,4,4,1,4,4,3,1,2,6,5,4,1,1,1,6,2,2,1,1,1,1,1,6,6,6,1,1,4,1,1,5,1,1,1,1,6,1,6,6,5,5,6,7,5,3,5,6,2,5,6,3,7,2,5,7,6,4,3,2,6,3,7,1,3,5,6,7,4,2,5,6,2,2,6,3,5,6,3,7,6,4,3,2,7,2,7,1,7,6,7,7,5,3,5,4,4,6,5,3,5,4,5,6,5,4,7,5,4,5,7,1,2,1,1,1,4,4,5,4,5,5,5,5,2,1,2,1,1,1,1,1,1,1,1,1,2,1,1,1,2,1,1,2,2,1,3,2,2,5,4,2,1,1,3,2,1,3,3,2,3,2,3,3,3,3,4,4,4,1,1,1,20,1,2,1,,2,Alabama,11,5,10204
2/6/23 14:00,2/6/23 15:31,0,100,5460,1,2/6/23 15:31,,,,,anonymous,EN,1,1,3,3,3,3,1,1,1,1,2,3,3,3,3,3,3,3,1,6,3,1,2,1,2,3,3,2,2,3,3,3,3,3,3,3,3,5,5,1,3,3,3,4,5,5,4,4,3,4,3,3,3,4,2,3,4,4,5,3,3,4,3,3,4,5,5,4,1,1,3,5,2,2,3,2,2,4,5,5,1,4,4,1,5,5,4,4,3,5,5,5,6,5,4,5,1,5,4,5,4,5,4,3,4,3,3,4,3,4,2,1,2,5,4,5,2,3,4,3,1,1,3,2,4,1,5,2,5,5,5,5,6,5,5,5,7,5,4,5,6,5,5,4,5,6,5,5,5,6,7,6,6,7,4,4,5,5,5,5,6,5,4,4,4,4,5,6,6,4,4,4,5,3,7,6,6,6,4,4,5,5,5,6,6,4,4,4,4,5,5,4,5,4,5,4,5,4,6,6,6,6,2,2,2,3,5,5,5,4,4,3,4,4,6,6,3,1,6,3,6,6,1,6,3,1,6,3,3,1,6,2,1,2,1,1,4,4,5,5,5,3,,,,1,,,,2,,,,4,4,4,4,4,4,4,4,4,19,2,2,2,,2,Alabama,8,1,9781
2/6/23 21:36,2/6/23 22:34,0,100,3460,1,2/6/23 22:34,,,,,anonymous,EN,1,1,3,1,3,1,3,1,1,1,1,1,3,1,2,3,2,1,1,4,2,3,2,3,1,2,2,3,3,1,3,3,3,3,3,3,3,5,4,5,2,3,4,1,4,5,5,3,4,5,5,3,5,5,1,4,5,3,5,5,1,4,5,2,3,5,5,5,1,1,4,5,1,2,4,5,5,2,6,6,3,2,4,2,6,4,6,3,4,6,6,5,1,1,5,4,3,3,4,6,6,5,2,5,1,5,5,3,4,1,1,4,3,1,3,2,5,2,1,3,1,3,6,1,5,1,6,1,6,6,6,5,7,7,7,5,4,7,7,7,7,3,5,6,7,7,6,4,7,7,6,7,7,7,7,7,3,7,5,1,6,7,4,5,4,2,5,6,7,7,6,4,3,6,5,7,7,7,6,7,2,7,3,3,5,2,4,3,6,5,6,7,3,2,7,6,6,6,3,2,7,7,4,2,4,3,2,4,1,4,5,5,4,5,2,6,6,3,3,3,1,2,1,1,3,6,2,1,6,1,3,1,2,6,1,1,1,4,5,5,5,2,,,3,1,,,,,,,,6,6,6,6,5,4,5,6,6,20,1,2,1,,3,Georgia,3,1,9883
2/6/23 23:14,2/6/23 23:46,0,100,1914,1,2/6/23 23:46,,,,,anonymous,EN,1,1,3,2,3,2,3,1,3,1,1,3,3,1,3,3,3,1,3,6,3,1,3,2,3,3,3,2,1,2,1,3,2,2,2,3,3,4,3,3,3,3,2,2,4,4,3,3,2,3,3,3,4,2,3,3,3,4,2,4,2,3,4,2,3,4,4,3,1,3,4,3,3,3,3,3,3,3,4,4,3,3,2,1,3,3,2,2,3,3,3,3,3,2,4,3,3,2,4,5,6,3,1,4,2,3,2,2,4,3,2,2,2,5,5,5,2,3,5,1,1,2,6,2,3,3,5,3,5,4,5,6,4,5,3,6,7,4,4,5,4,3,3,4,3,3,3,3,4,6,5,5,5,6,6,6,5,5,4,6,6,4,4,3,5,4,4,4,3,5,4,4,2,5,4,5,6,6,6,6,4,5,5,6,6,4,4,5,5,4,4,5,5,3,5,4,5,6,5,5,6,6,3,3,1,4,3,4,4,3,3,3,3,4,3,6,1,2,6,1,1,2,1,1,2,1,2,1,1,1,2,1,2,2,2,2,2,3,1,3,4,1,,,,,2,,,,,3,,3,2,2,4,4,2,1,2,1,20,2,2,1,,3,washington,9,3,10297
2/7/23 10:07,2/7/23 10:49,0,100,2495,1,2/7/23 10:49,,,,,anonymous,EN,1,1,3,1,3,3,1,1,1,1,3,3,3,3,2,1,1,1,3,6,2,2,1,1,2,2,2,2,1,2,2,2,2,2,2,2,2,4,3,2,3,4,3,3,4,4,3,4,2,2,2,3,3,3,2,2,4,3,4,3,4,3,4,2,3,5,5,5,1,1,5,5,4,4,4,4,4,4,5,4,3,4,4,2,5,4,4,5,5,5,4,5,5,6,5,4,4,4,2,4,6,5,3,4,4,6,3,6,6,6,3,3,3,5,5,5,3,2,2,2,3,2,5,4,3,3,5,3,5,5,6,6,5,6,6,7,7,7,6,7,6,6,6,6,6,6,7,6,7,5,7,6,7,7,6,7,7,6,6,5,6,7,6,6,5,6,5,6,5,5,6,6,6,5,6,7,7,6,6,6,6,7,7,7,7,7,7,7,7,5,7,7,7,6,7,6,6,6,7,7,7,7,3,3,3,4,4,4,4,3,4,4,4,4,6,6,6,2,6,6,6,6,1,1,3,6,6,1,6,2,6,2,2,6,2,2,2,4,4,4,4,1,,,2,,,,,,,3,,4,5,4,4,4,4,5,5,4,20,2,2,1,,3,White,3,2,10306
2/7/23 11:34,2/7/23 12:00,0,100,1569,1,2/7/23 12:00,,,,,anonymous,EN,1,1,3,3,3,2,1,1,1,1,3,3,3,3,3,3,3,3,3,6,3,3,3,1,3,2,3,3,3,3,3,3,3,3,3,3,3,5,4,1,2,4,3,2,5,4,3,5,2,2,2,2,3,4,1,4,4,5,4,3,2,5,3,2,5,5,5,5,1,1,5,5,3,3,4,3,4,4,5,5,1,3,2,1,4,6,5,1,3,5,6,4,3,2,5,6,2,5,4,6,4,6,2,2,2,5,5,3,3,1,4,4,4,3,2,4,1,1,5,6,2,1,2,2,2,2,5,2,5,5,5,4,5,7,6,5,6,5,6,6,6,6,5,6,6,6,5,4,5,3,5,5,5,5,3,4,5,6,6,3,5,5,5,5,5,5,4,4,5,5,3,4,4,3,3,5,5,3,5,5,3,4,5,2,2,4,5,6,6,6,3,3,5,4,4,4,4,2,5,5,6,4,4,4,4,4,4,4,3,4,3,3,3,3,2,1,6,1,3,6,1,2,1,2,6,1,2,1,2,2,1,2,2,6,6,2,2,4,4,4,3,1,2,,3,,,,,,,,,5,5,5,5,5,5,5,5,4,21,2,2,1,,3,Illinois ,1,1,9997
2/7/23 17:29,2/7/23 17:43,0,100,867,1,2/7/23 17:43,,,,,anonymous,EN,1,1,3,3,3,3,3,1,3,1,3,2,2,2,3,3,1,2,1,6,3,1,3,1,3,3,2,3,2,3,3,1,3,3,3,3,3,5,5,1,5,5,5,1,4,5,5,5,1,1,1,3,4,5,1,3,5,5,5,3,4,5,5,5,5,5,5,5,1,1,5,5,3,3,5,4,5,5,6,6,3,3,5,2,5,4,4,4,4,6,6,4,6,1,6,6,3,3,4,6,6,6,3,3,1,6,4,6,4,5,4,4,3,4,5,5,1,1,1,7,1,1,1,1,2,2,5,1,6,6,7,5,6,7,4,4,4,7,4,7,7,7,5,7,4,7,7,4,4,7,7,7,7,4,7,7,6,7,5,4,4,7,4,7,7,5,5,7,4,7,7,4,5,7,6,7,7,4,7,6,7,7,5,7,5,7,5,7,7,6,5,7,4,7,6,4,4,7,6,7,7,4,2,3,2,2,4,4,5,4,5,5,5,5,1,3,1,1,6,1,1,3,1,1,1,1,3,1,1,2,1,1,1,1,1,1,2,5,3,5,5,,,,1,,2,,,,,3,,6,6,6,6,6,6,5,4,6,19,2,2,2,,2,US citizen,8,6,9853
2/8/23 0:41,2/8/23 1:17,0,100,2141,1,2/8/23 1:17,,,,,anonymous,EN,1,1,3,2,3,2,1,1,1,1,1,1,1,1,1,3,1,3,1,5,3,1,3,3,3,3,3,3,1,3,1,2,2,3,3,2,2,5,5,2,1,1,4,1,4,5,5,5,3,3,2,3,1,4,1,4,5,5,5,5,1,5,2,2,3,5,5,5,1,1,5,5,3,5,5,4,5,5,6,6,2,4,5,1,6,6,6,1,4,6,6,4,5,1,5,6,1,5,3,6,6,2,1,2,3,6,3,1,1,3,1,1,1,3,3,3,1,1,1,2,2,1,1,1,2,2,2,2,3,3,3,7,6,7,7,7,7,7,7,7,7,6,7,7,7,6,6,7,7,7,7,7,7,6,3,7,6,7,7,7,7,7,7,7,7,6,7,7,7,7,7,7,7,7,7,7,7,7,7,7,7,7,7,7,7,7,7,7,7,7,7,7,7,7,7,7,7,7,7,7,7,7,4,5,5,5,5,5,5,5,5,5,5,5,1,1,1,2,3,1,1,2,2,2,1,1,3,1,1,3,2,1,2,3,2,3,5,4,3,4,4,,3,,1,2,,,,,,,,6,6,6,5,6,6,6,6,6,39,2,2,1,,3,Alabama,10,1,10312
2/8/23 17:12,2/8/23 17:40,0,100,1707,1,2/8/23 17:40,,,,,anonymous,EN,1,2,3,3,3,3,3,1,3,1,3,2,2,1,2,2,2,1,1,5,2,3,3,3,3,3,3,3,3,1,3,1,3,3,3,3,3,3,4,1,1,4,3,3,5,5,1,5,3,2,3,1,5,5,3,2,5,5,5,5,3,5,4,3,2,5,5,5,1,1,5,5,3,3,5,1,3,3,5,5,5,5,3,1,5,5,5,5,3,5,5,5,5,5,5,5,3,5,5,5,4,4,5,5,5,6,5,4,5,5,5,5,5,4,4,4,1,1,4,4,4,3,4,1,3,3,4,4,4,4,4,5,6,6,6,6,6,6,4,6,6,6,6,6,6,6,6,4,6,6,6,6,6,6,6,6,6,6,6,6,6,6,4,6,6,6,6,6,6,6,6,6,6,6,6,6,6,6,6,6,6,6,6,6,6,6,6,6,6,6,6,6,6,6,6,6,6,6,6,6,6,6,5,5,5,5,5,4,4,3,3,4,4,4,3,3,3,6,3,6,1,3,1,1,1,1,3,1,3,2,3,1,2,3,1,1,3,3,3,3,3,3,3,3,3,3,3,2,3,3,2,2,1,6,6,6,6,6,6,6,6,6,19,2,2,1,,3,?,3,2,10321
2/6/23 22:34,2/9/23 9:43,0,100,212956,1,2/9/23 9:43,,,,,anonymous,EN,1,1,3,2,3,3,3,1,1,1,3,3,3,3,3,2,2,3,3,6,1,3,2,2,3,3,2,3,2,3,3,3,3,3,3,2,3,4,4,3,3,4,4,2,4,4,4,3,1,2,2,2,2,3,2,3,3,3,3,3,1,4,3,2,3,5,4,4,1,2,4,4,3,3,3,3,4,4,5,5,4,4,3,1,4,4,3,4,4,4,4,4,5,1,4,6,4,5,4,6,2,5,2,3,5,3,2,3,5,2,2,2,3,4,3,4,3,2,2,3,2,2,2,2,2,1,4,2,4,5,4,5,5,6,5,4,5,5,4,5,5,5,5,5,5,5,5,4,5,5,6,4,5,3,3,4,5,6,5,4,5,4,3,5,5,5,5,5,5,5,5,4,4,5,5,4,5,3,5,5,5,6,6,5,5,4,5,6,6,5,5,5,5,5,5,5,5,5,5,5,5,3,2,4,2,3,4,3,4,2,4,3,4,4,1,1,6,2,2,3,1,2,2,2,6,1,6,6,2,1,1,1,1,6,1,6,2,3,3,4,4,2,,,3,,,,,1,,,,5,5,4,5,5,5,4,3,3,20,2,2,1,,3,United States,10,1,10108
2/9/23 9:41,2/9/23 9:51,0,100,567,1,2/9/23 9:51,,,,,anonymous,EN,1,3,3,3,3,3,3,1,1,1,2,3,2,1,2,2,3,1,2,4,1,1,1,1,3,2,1,3,2,2,3,1,3,3,3,1,1,3,3,3,2,3,3,3,4,3,4,3,4,3,3,3,4,3,3,3,4,3,3,4,3,3,3,3,3,5,5,5,1,1,5,5,5,5,5,5,5,5,4,4,5,4,4,2,4,4,4,4,2,5,5,5,3,4,3,4,4,3,2,5,5,5,5,5,5,4,2,3,3,4,4,3,4,3,3,3,3,1,5,2,4,3,4,3,4,3,4,3,5,4,5,4,5,5,6,5,5,4,3,4,4,5,5,5,4,7,7,2,4,4,4,5,6,6,5,5,4,4,5,4,5,4,3,4,4,5,5,5,5,4,5,2,5,5,4,5,4,5,5,4,4,5,4,5,4,5,4,5,5,4,4,5,5,5,5,2,5,5,4,6,5,5,3,3,3,3,3,3,4,3,3,4,3,4,2,2,1,1,6,1,1,1,1,1,1,1,2,1,1,1,1,1,1,1,1,1,2,4,4,4,4,,,,1,2,,,,,,3,,4,4,5,5,5,5,5,5,5,19,2,2,1,,2,AL,3,2,10111
2/9/23 13:15,2/9/23 13:25,0,100,605,1,2/9/23 13:25,,,,,anonymous,EN,1,1,3,1,1,1,3,3,2,1,3,1,3,1,1,3,3,2,3,4,2,2,3,1,2,2,1,2,2,2,3,2,3,3,3,2,3,4,4,3,3,4,3,3,3,4,4,4,3,3,3,4,4,4,3,4,4,4,3,3,4,4,4,4,3,5,5,4,2,2,4,4,4,4,4,3,3,3,4,4,3,4,4,4,3,3,4,4,4,4,4,3,3,3,5,4,5,5,5,4,4,5,5,5,5,4,4,4,4,5,4,4,4,4,4,3,6,6,5,5,6,6,5,5,4,4,4,4,4,4,5,4,4,5,5,5,6,5,5,5,5,6,5,5,4,4,4,4,4,5,4,5,5,5,5,6,6,5,5,5,6,5,5,5,5,6,6,6,6,6,5,5,5,5,5,5,5,5,5,5,6,4,4,5,5,5,5,5,5,5,5,4,5,5,5,5,4,4,4,4,4,4,4,3,2,2,3,3,4,4,3,3,3,3,6,6,6,6,2,2,2,2,6,2,2,2,2,6,6,6,2,2,2,2,6,6,3,3,4,3,3,3,3,1,2,3,2,1,2,2,3,2,1,5,5,4,4,5,5,4,5,5,19,2,2,1,,3,massachusetts,3,2,10099
2/11/23 13:29,2/11/23 14:33,0,100,3828,1,2/11/23 14:33,,,,,anonymous,EN,1,1,3,1,3,1,3,1,3,1,1,1,3,3,3,1,1,3,3,6,3,3,2,2,3,3,2,3,3,3,3,1,3,3,3,3,3,3,5,2,3,5,3,2,5,5,3,3,2,4,2,3,4,3,1,3,4,3,3,2,2,3,3,2,3,5,5,5,1,1,4,5,1,4,4,4,4,4,3,3,3,3,5,1,6,6,4,3,6,6,3,3,4,6,4,4,5,5,6,6,3,4,5,5,6,5,4,4,3,6,3,3,3,4,4,4,1,2,2,1,1,2,2,2,1,1,6,1,6,6,5,5,7,4,6,6,6,6,7,7,7,7,6,7,5,7,7,7,7,7,7,7,7,7,5,5,5,4,3,3,5,5,6,6,5,6,4,5,4,6,4,4,3,6,5,5,6,6,6,5,6,4,4,4,4,5,6,7,7,7,4,5,5,7,6,6,6,7,6,6,7,7,4,5,5,5,4,4,4,4,5,3,4,5,2,1,6,2,3,3,1,2,1,2,2,2,6,1,3,3,6,1,2,1,2,1,3,4,5,5,4,,1,2,,3,,,,,,,,2,4,4,4,4,4,3,4,3,20,2,2,"1,3",,3,Louisiana,3,3,10330
2/11/23 21:13,2/11/23 21:36,0,100,1375,1,2/11/23 21:36,,,,,anonymous,EN,1,1,3,3,3,3,1,1,1,1,3,1,1,1,1,2,1,2,1,6,1,3,3,3,1,1,2,3,2,2,1,2,2,1,2,2,1,5,5,5,5,5,5,5,5,5,5,5,5,5,5,5,5,5,5,5,5,5,5,5,5,5,5,5,5,5,5,5,5,5,5,5,5,5,5,5,5,5,6,6,6,6,6,6,6,6,6,6,6,6,6,6,6,6,6,6,1,6,6,6,6,6,4,6,6,6,6,6,6,6,6,6,6,6,6,6,1,1,1,1,1,1,1,1,6,6,6,6,6,6,7,7,7,7,7,7,7,7,7,7,7,7,7,7,7,7,7,7,7,7,7,7,7,7,7,7,7,7,7,7,7,7,7,7,7,7,7,7,7,7,7,7,7,7,7,7,7,7,7,7,7,7,7,7,7,7,7,7,7,7,7,7,7,7,7,7,7,7,7,7,7,7,5,5,5,5,5,5,5,5,5,5,5,5,1,1,1,1,1,1,1,1,1,1,1,1,1,1,1,3,3,1,3,3,3,3,1,1,5,5,5,3,3,3,3,3,3,1,3,3,3,3,3,6,6,6,6,6,6,6,6,6,33,2,2,3,,4,Mississippi,8,2,10231
2/11/23 22:43,2/11/23 23:30,0,100,2828,1,2/11/23 23:30,,,,,anonymous,EN,1,1,3,3,3,3,1,1,1,1,3,1,3,2,1,3,3,3,3,6,2,1,1,1,2,3,3,2,3,2,1,2,1,1,3,3,3,4,4,3,3,4,5,4,3,4,4,5,3,3,4,4,3,4,4,3,4,5,4,3,4,4,4,3,4,3,2,3,2,3,2,4,3,2,3,2,3,3,5,4,6,5,5,4,5,6,6,5,5,6,5,5,6,5,4,5,5,4,6,6,6,5,4,4,4,5,4,4,4,6,5,4,5,4,4,5,4,5,4,4,4,4,5,5,5,5,4,4,4,4,7,7,7,7,7,7,7,7,7,7,7,7,7,7,7,7,7,7,7,7,7,7,7,7,7,7,7,7,7,7,7,7,7,7,7,7,7,7,7,7,7,7,7,7,7,7,7,7,7,7,7,7,7,7,7,7,7,7,7,7,7,7,7,7,7,7,7,7,7,7,7,7,4,4,3,4,2,3,4,3,3,4,3,3,3,3,3,3,3,3,2,3,1,2,3,3,3,2,3,2,6,2,6,2,6,2,1,5,3,5,5,3,,,,,,,,,,,,6,6,4,4,5,6,6,6,6,18,2,2,"1,4",,2,florida,3,2,10192
2/12/23 15:59,2/12/23 16:32,0,100,1976,1,2/12/23 16:32,,,,,anonymous,EN,1,1,3,3,2,3,1,3,1,1,3,2,2,3,3,2,2,3,3,6,3,3,3,2,3,2,3,3,1,2,2,2,2,2,2,2,2,4,5,1,1,3,5,2,4,5,3,5,2,4,1,1,1,2,1,2,3,4,4,1,2,1,1,1,2,5,5,3,1,4,5,4,1,1,1,1,1,1,6,6,2,2,4,1,6,6,1,4,6,6,6,1,4,4,6,6,1,6,3,6,6,6,4,2,5,4,1,3,5,3,2,2,5,3,2,3,1,1,1,1,1,1,1,1,1,1,6,1,6,6,4,5,6,7,7,5,6,7,5,7,7,7,6,7,5,5,6,6,6,6,7,7,7,7,4,7,7,7,7,6,7,7,5,7,6,7,7,7,5,6,7,7,7,6,7,7,7,7,4,7,7,7,7,6,6,7,6,7,7,7,7,7,5,5,7,7,7,7,7,7,7,7,3,3,2,3,4,4,4,4,4,3,4,4,3,3,6,6,3,1,6,3,2,2,2,2,6,1,2,3,3,1,1,2,3,3,3,3,3,4,4,1,,3,,,2,,,,,,,6,6,6,6,6,6,6,6,6,53,2,2,2,,3,Alabama,3,1,10039
2/13/23 9:47,2/13/23 10:13,0,100,1555,1,2/13/23 10:13,,,,,anonymous,EN,1,1,3,3,3,3,1,1,1,1,1,3,3,3,2,2,3,2,2,6,3,3,3,3,3,2,2,3,1,2,2,2,2,2,2,2,2,3,4,3,2,4,4,4,2,4,4,4,2,3,3,4,2,4,2,3,4,3,3,2,3,2,4,3,3,5,5,5,1,1,5,5,1,1,4,2,5,5,4,4,2,5,5,1,4,5,5,5,1,5,5,4,5,1,5,5,5,6,4,6,3,4,4,5,4,6,3,2,6,4,2,2,2,5,5,5,3,1,3,3,1,1,3,5,3,3,4,2,4,4,3,5,5,7,7,6,5,6,4,7,7,7,7,7,7,6,5,5,5,6,7,7,6,5,5,5,5,5,5,5,5,5,3,7,6,6,6,5,6,4,6,6,6,6,6,6,6,6,5,6,6,7,6,6,6,6,3,7,7,7,7,7,7,7,5,5,5,6,7,7,7,7,4,5,5,4,5,5,5,4,4,4,4,4,1,1,3,3,3,3,1,2,1,1,3,6,3,1,2,1,1,3,3,3,3,3,2,2,5,5,3,,,,1,,,,,2,,3,,5,5,5,5,5,6,5,5,6,19,2,2,1,,2,Connecticut,3,2,10057
2/14/23 9:31,2/14/23 10:21,0,100,2976,1,2/14/23 10:21,,,,,anonymous,EN,1,1,3,3,3,3,1,1,1,1,1,3,1,1,3,3,3,3,3,6,3,3,3,3,3,3,3,3,3,1,3,1,3,3,3,3,3,5,4,2,1,5,5,3,3,4,4,4,5,4,4,2,4,5,1,4,4,4,4,4,2,3,5,4,4,5,5,4,1,1,5,5,3,3,5,4,3,4,4,4,2,4,5,1,3,3,4,3,2,6,6,5,4,6,5,5,3,5,5,5,6,4,4,5,3,6,1,4,5,5,3,3,5,2,2,3,2,2,4,2,1,6,2,2,2,1,5,2,4,3,6,7,7,6,5,6,7,6,4,5,5,5,6,6,6,7,7,5,6,3,5,6,5,7,5,7,3,6,3,3,7,7,4,5,6,4,4,4,6,7,7,4,4,2,5,5,5,7,6,6,6,6,6,7,7,7,6,6,6,6,6,6,6,7,7,6,6,4,6,6,5,7,4,3,3,4,5,5,5,4,5,5,5,4,6,6,6,2,3,6,1,2,1,1,2,2,3,1,6,2,3,1,1,1,2,1,2,3,4,4,4,3,3,3,3,3,3,2,2,3,1,3,1,5,5,4,4,5,5,5,6,5,19,2,2,1,,3,IL,3,6,9964
2/14/23 12:12,2/14/23 12:42,0,100,1806,1,2/14/23 12:43,,,,,anonymous,EN,1,1,3,3,3,2,3,1,1,1,3,2,3,2,3,2,3,2,3,5,3,3,2,3,2,3,2,2,2,1,3,3,3,3,3,2,3,5,5,2,2,4,2,3,3,5,3,4,1,3,3,2,3,2,2,4,5,3,5,3,2,3,4,2,3,5,5,4,1,1,5,4,3,3,4,4,4,4,4,3,2,4,4,1,5,4,4,3,6,6,5,3,5,6,6,5,5,4,4,6,2,4,3,5,3,2,1,4,5,5,3,3,3,4,4,4,3,4,3,3,2,1,1,1,3,2,5,1,5,5,6,6,3,5,5,5,6,4,5,7,7,4,4,5,5,5,5,3,4,5,6,6,5,7,6,6,2,4,5,5,5,3,5,6,6,4,5,5,5,5,3,3,4,4,5,6,4,7,5,4,1,3,4,5,6,4,5,7,7,3,4,5,6,6,4,2,4,5,5,6,4,7,4,5,5,5,5,5,4,4,5,4,5,5,6,2,3,1,3,3,1,6,1,1,3,1,3,1,6,1,6,1,1,6,1,1,1,3,2,5,4,1,2,,,,3,,,,,,,4,6,5,5,5,5,5,6,4,20,2,2,1,,3,Texas,2,2,10123
2/14/23 13:53,2/14/23 14:10,0,100,1003,1,2/14/23 14:10,,,,,anonymous,EN,1,1,3,3,3,3,3,1,3,1,3,3,3,3,3,3,3,3,3,6,2,3,2,2,3,3,1,1,3,2,2,2,3,2,1,2,2,3,4,3,1,4,4,2,3,5,3,3,2,4,2,3,2,1,1,4,5,3,5,3,1,3,4,1,4,5,5,5,1,1,5,5,5,5,5,3,5,5,5,5,5,5,3,1,5,4,5,3,5,5,5,6,3,6,6,4,4,5,4,6,3,3,4,3,3,6,5,6,6,6,4,3,4,3,5,4,2,1,5,4,3,3,2,2,2,2,6,1,6,6,6,4,3,6,6,6,5,7,4,7,7,7,7,6,7,7,7,5,4,7,7,7,7,7,4,4,3,7,7,7,7,7,7,7,7,7,7,7,7,7,7,7,7,7,7,7,7,7,7,7,7,7,7,6,7,6,6,6,6,6,6,6,6,7,6,6,6,6,6,6,6,6,4,4,4,4,5,5,5,3,4,5,5,4,6,2,6,2,6,6,6,2,6,2,6,3,6,2,6,6,6,3,6,6,2,3,1,4,4,5,4,1,,,,,,,3,,,2,,5,5,5,6,6,6,6,6,6,19,2,2,1,,2,North Carolina,3,6,10261
2/14/23 17:28,2/14/23 17:53,0,100,1478,1,2/14/23 17:53,,,,,anonymous,EN,1,1,3,2,3,1,1,1,1,1,3,3,2,3,3,3,2,3,3,6,3,3,3,3,3,3,3,3,3,3,3,3,3,3,3,3,3,2,4,1,2,3,1,4,5,5,3,5,3,5,2,2,3,3,1,4,3,5,4,3,1,4,3,2,4,5,5,4,1,1,4,5,2,2,2,3,2,2,5,2,1,4,6,1,6,4,4,1,3,5,5,4,3,6,5,5,3,5,4,6,3,4,2,5,6,6,3,4,2,6,2,2,2,5,5,5,1,1,1,3,1,1,1,1,2,2,5,2,5,5,6,6,6,6,7,7,7,7,6,7,7,6,7,7,6,7,7,6,6,6,6,7,6,7,6,7,7,7,6,6,7,6,5,6,6,4,6,7,6,6,4,4,3,7,5,7,4,7,7,7,7,7,7,7,7,7,5,7,7,5,6,7,7,7,7,6,7,7,7,7,6,7,4,4,4,4,3,3,3,4,4,4,5,5,1,1,2,1,6,2,1,2,1,1,2,1,2,1,2,3,1,1,1,1,1,1,1,4,3,5,5,2,1,,,3,,,,,,,,6,6,6,6,6,6,6,6,5,22,1,2,1,,5,Missouri,2,3,9787
2/14/23 22:47,2/14/23 23:43,0,100,3353,1,2/14/23 23:43,,,,,anonymous,EN,1,1,3,3,3,3,3,1,3,1,1,1,3,1,1,3,3,3,3,4,3,1,2,1,3,2,2,2,3,1,3,2,3,3,3,2,3,5,4,2,3,3,4,2,4,4,4,4,1,2,2,3,3,4,2,3,4,4,4,4,3,3,3,3,4,5,5,5,1,1,5,5,3,3,3,2,3,4,6,6,4,4,5,1,4,4,5,3,4,6,6,5,6,4,5,5,4,5,4,6,5,5,3,4,3,3,1,4,4,4,3,2,3,4,4,5,1,1,1,1,1,1,1,1,2,1,3,2,4,5,6,4,5,6,6,3,5,6,4,7,7,7,6,7,6,6,7,4,6,6,7,7,6,7,6,4,5,5,5,4,5,6,4,6,6,6,6,6,6,5,6,4,5,7,6,7,6,7,7,7,7,7,7,7,7,7,5,7,7,7,6,7,7,7,7,6,6,6,7,7,6,7,4,4,4,4,5,4,4,3,3,3,4,4,2,2,6,2,3,3,1,2,1,1,3,2,3,1,3,2,3,6,1,1,1,1,1,5,4,5,5,,,,,1,,,,2,,3,,5,5,5,6,6,6,6,6,4,19,2,2,1,,2,alabama,2,2,10072
2/15/23 11:40,2/15/23 12:07,0,100,1657,1,2/15/23 12:07,,,,,anonymous,EN,1,1,3,3,3,3,1,1,1,1,1,1,1,1,1,1,1,1,1,6,1,2,1,3,2,2,3,3,1,2,2,2,2,2,2,2,2,4,4,2,2,4,2,2,4,4,4,4,2,2,2,3,4,4,2,4,4,4,4,3,2,3,4,3,3,4,4,4,2,2,4,4,3,3,3,4,3,3,5,5,5,5,3,3,5,5,5,4,5,5,5,5,5,5,5,5,4,5,5,6,6,5,4,5,5,4,4,3,4,4,5,5,5,5,5,5,3,2,3,2,5,2,2,2,4,2,4,3,4,2,5,6,5,6,6,6,5,5,5,6,6,6,5,5,5,6,5,4,5,5,6,6,6,6,6,6,5,6,5,5,5,4,5,6,6,5,5,6,5,5,5,4,5,6,6,6,6,5,6,6,5,6,5,5,5,5,6,6,6,5,5,6,5,5,5,4,5,6,6,6,6,6,4,4,3,4,5,4,4,4,4,4,4,4,2,2,2,6,6,1,1,6,1,1,3,1,6,1,6,3,3,1,1,1,1,1,2,4,3,4,4,3,2,2,3,3,2,1,3,2,1,3,2,5,5,5,5,5,5,5,5,3,25,2,2,1,,4,Maryland,3,2,10399
2/8/23 12:11,2/8/23 12:14,0,7,232,0,2/15/23 12:15,,,,,anonymous,EN,1,,,,,,,,,,,,,,,,,,,,,,,,,,,,,,,,,,,,,,,,,,,,,,,,,,,,,,,,,,,,,,,,,,,,,,,,,,,,,,,,,,,,,,,,,,,,,,,,,,,,,,,,,,,,,,,,,,,,,,,,,,,,,,,,,,5,5,5,6,4,5,6,5,3,5,5,4,5,5,5,5,5,3,5,4,5,5,5,5,4,5,5,6,5,6,6,6,3,5,5,4,5,5,5,5,5,3,5,4,5,5,6,5,3,5,5,5,5,5,5,5,3,5,5,5,5,5,5,5,4,2,3,3,5,5,5,4,,,,,,,,,,,,,,,,,,,,,,,,,,,,,,,,,,,,,,,,,,,,,,,,,,,,,,,,,,,,,,,,,,,,,,10315
2/8/23 16:08,2/8/23 16:17,0,11,502,0,2/15/23 16:17,,,,,anonymous,EN,1,,,,,,,,,,,,,,,,,,,,,,,,,,,,,,,,,,,,,,,,,,,,,,,,,,,,,,,,,,,,,,,,,5,5,5,1,1,5,5,2,4,5,3,4,5,,,,,,,,,,,,,,,,,,,,,,,,,,,,,,,,,,,,,,,,,,,,,,,2,2,5,5,5,5,,,,,,,,,,,,,,,,,,,,,,,,,,,,,,,,,,,,,,,,,,,,,,,,,,,,,,,,,,,,,,,,,,,,,,,,,5,5,5,4,5,5,4,4,5,1,5,5,3,3,3,3,3,3,1,6,1,6,3,1,3,3,3,3,3,1,3,3,1,3,,,,,,,,,,,,,,,,,,6,6,6,6,6,6,6,6,6,,,,,,,,,,10318
2/15/23 22:03,2/15/23 22:23,0,100,1203,1,2/15/23 22:23,,,,,anonymous,EN,1,1,3,3,3,3,3,1,3,1,1,1,3,2,2,1,1,1,1,6,1,1,1,3,2,3,1,3,2,3,1,2,1,3,3,1,3,3,5,2,2,2,4,2,4,5,5,5,1,2,1,3,4,4,1,3,5,5,5,5,2,4,4,3,4,5,5,5,1,2,4,4,4,4,5,2,2,4,5,5,5,3,4,1,5,5,5,2,6,6,6,4,5,2,5,5,2,4,4,5,6,3,2,4,3,5,5,5,5,3,4,4,2,2,2,3,2,2,2,2,2,1,1,1,1,1,6,1,6,6,4,5,4,5,5,3,5,6,4,5,6,5,5,5,3,5,4,4,5,4,5,6,6,2,4,5,5,5,5,2,6,6,4,5,6,5,6,6,5,5,5,4,4,3,5,4,5,3,3,5,5,5,5,5,6,4,4,5,6,5,5,6,5,5,4,4,4,4,4,5,6,3,4,4,5,4,3,4,4,4,4,4,4,5,3,1,2,2,3,1,1,1,1,1,1,1,2,1,1,1,1,1,1,1,1,1,1,4,3,4,4,,,,1,,,,,2,,3,,4,4,4,5,6,6,6,6,6,19,2,2,1,,4,Mississippi,8,6,10429
2/15/23 18:32,2/16/23 11:21,0,100,60550,1,2/16/23 11:21,,,,,anonymous,EN,1,1,3,3,3,3,3,1,1,1,3,3,3,3,3,3,2,3,3,5,1,1,3,1,3,3,3,3,1,2,2,2,2,2,2,2,2,5,5,3,2,3,4,3,4,4,3,3,3,2,2,3,2,2,3,3,3,3,2,2,2,4,3,3,3,4,4,4,4,4,4,4,4,4,4,4,5,5,5,5,4,5,4,1,3,2,2,2,1,4,3,4,4,4,6,6,6,6,4,6,6,6,6,6,6,6,5,5,5,5,2,2,3,4,4,4,4,2,4,3,2,2,2,2,3,3,4,3,4,4,7,7,5,7,7,7,7,7,7,7,7,7,7,7,7,7,7,7,7,7,7,7,7,7,6,6,6,7,7,7,7,7,7,7,7,6,7,7,7,5,5,5,5,6,5,7,7,7,7,7,5,7,7,7,7,7,7,7,7,7,7,7,7,7,7,7,7,7,7,7,7,7,5,5,5,5,5,5,5,5,5,5,5,5,6,2,2,2,2,1,1,1,1,1,1,2,2,1,1,1,3,1,1,1,2,1,3,3,3,4,3,3,3,3,3,3,3,3,2,3,3,3,3,6,6,6,6,4,6,4,4,4,18,2,2,1,,3,FL,3,2,10423
2/16/23 11:35,2/16/23 11:59,0,100,1451,1,2/16/23 11:59,,,,,anonymous,EN,1,1,3,3,2,3,1,3,3,3,3,3,3,1,3,3,3,3,1,6,3,1,1,3,3,3,3,3,2,3,3,1,1,3,3,3,3,4,4,2,2,5,2,2,4,4,4,4,2,4,3,2,3,2,2,4,4,4,4,4,2,3,3,2,3,5,5,5,3,2,4,4,2,2,3,3,3,4,6,5,4,6,6,2,5,5,6,3,3,5,6,6,5,4,6,6,5,6,4,6,6,6,6,3,4,4,3,4,5,5,2,4,3,4,4,4,3,2,3,4,2,2,2,2,1,1,5,1,5,5,6,6,6,6,6,6,5,6,5,7,6,5,7,7,6,6,5,5,5,5,5,7,5,5,5,5,5,5,5,5,5,5,4,6,6,5,7,5,6,6,6,5,5,5,6,7,5,5,6,6,5,6,6,6,6,6,5,6,6,5,7,6,7,6,6,5,5,5,7,7,5,5,4,3,3,4,5,5,5,4,5,4,4,5,1,1,6,1,1,3,1,2,1,1,3,1,6,1,6,2,1,1,1,1,1,1,1,4,3,4,3,1,,,2,3,,,,,,,,4,4,4,4,3,4,4,4,4,20,2,2,1,,4,Alabama ,8,1,10432
2/16/23 15:24,2/16/23 16:48,0,100,5068,1,2/16/23 16:49,,,,,anonymous,EN,1,1,3,3,3,3,1,1,1,1,1,2,3,2,3,3,2,1,3,6,1,2,3,1,2,3,2,2,2,2,2,3,3,3,3,3,3,4,5,2,4,4,4,2,5,5,2,4,2,3,3,2,2,1,1,5,4,5,4,3,2,4,4,2,4,5,4,5,1,1,5,5,4,3,5,5,5,5,5,4,4,4,4,1,5,5,5,3,4,5,5,4,5,5,5,5,1,5,3,6,5,5,2,3,4,4,4,3,4,4,2,2,2,5,5,5,3,2,3,2,1,1,2,1,2,2,4,1,4,4,6,6,6,6,6,6,6,6,6,6,6,6,6,6,6,6,6,4,4,5,6,6,6,6,6,6,6,6,6,6,6,6,6,6,6,6,6,6,6,6,6,5,5,6,6,6,6,6,6,6,5,6,6,6,6,6,6,6,6,6,6,6,6,6,6,4,4,6,6,6,6,6,4,3,3,4,5,5,4,4,5,4,4,5,3,2,6,6,6,3,6,6,6,6,6,2,3,3,3,3,6,6,3,3,6,6,2,5,5,5,5,,,,2,,,,,1,,3,,5,6,6,6,6,6,5,5,6,20,2,2,1,,3,Florida,3,3,10435
2/7/23 1:07,2/9/23 21:54,0,20,247599,0,2/16/23 21:54,,,,,anonymous,EN,1,,,,,,,,,,,,,,,,,,,,,,,,,,,,,,,,,,,,,3,5,1,1,2,2,2,5,5,3,5,3,2,1,2,1,3,1,5,5,5,5,2,2,5,1,2,5,5,5,5,1,1,5,5,1,2,3,2,4,3,5,5,2,3,5,1,4,6,4,3,4,6,6,5,5,3,5,5,1,4,3,6,6,5,3,2,2,6,3,2,3,2,,,,,,,,,,,,,,,2,2,6,1,6,6,6,5,5,5,7,7,7,4,6,7,7,6,5,7,3,7,6,3,5,3,7,5,6,5,5,4,4,3,6,7,6,3,6,7,7,4,5,6,1,4,5,3,5,2,7,6,6,5,6,3,3,2,7,7,6,3,7,7,7,5,4,5,1,5,7,4,4,3,7,3,7,6,,,,,,,,,,,,,3,6,6,6,3,2,1,2,1,6,2,6,3,1,6,3,3,1,2,2,6,2,3,4,2,5,5,3,2,,,1,,,,,,,,,,,,,,,,,,,,,,,,,,10303
2/17/23 11:29,2/17/23 12:01,0,100,1924,1,2/17/23 12:01,,,,,anonymous,EN,1,1,3,1,3,1,1,1,1,1,3,3,3,3,3,3,2,3,3,5,3,3,3,3,3,3,3,3,1,2,2,2,2,2,2,2,2,4,4,2,2,4,3,2,5,4,2,5,2,2,2,3,3,2,2,4,4,5,5,5,2,4,5,2,5,5,5,5,1,1,5,5,3,3,4,4,5,5,6,6,6,6,5,1,5,5,4,4,5,6,6,4,5,6,6,5,5,6,6,6,3,5,4,5,3,4,3,2,4,6,2,2,2,5,5,5,1,1,2,3,1,1,1,1,1,1,6,1,6,6,5,6,4,7,7,6,6,7,4,7,7,7,7,6,5,7,6,4,5,7,7,7,6,7,4,6,6,7,7,7,7,7,4,7,7,7,7,7,7,7,7,4,7,7,7,7,7,7,5,5,4,7,7,7,7,7,4,7,7,7,7,7,7,7,7,4,7,7,7,7,7,7,5,5,3,5,5,5,5,5,5,5,5,5,6,3,2,2,2,1,1,1,1,1,2,2,3,1,1,2,6,6,3,3,6,1,4,5,5,5,5,2,3,,,,,,,,,1,,5,5,4,5,5,6,5,6,5,20,2,2,1,,4,Alabama,8,2,10282
2/17/23 19:06,2/17/23 19:23,0,100,970,1,2/17/23 19:23,,,,,anonymous,EN,1,2,3,3,3,2,1,1,1,1,2,1,3,3,3,3,3,3,3,5,3,2,2,2,3,3,3,2,2,1,2,2,2,3,3,2,2,5,5,4,4,5,5,3,3,3,4,3,3,3,3,4,3,4,2,3,4,4,3,4,3,3,4,3,3,5,4,3,1,1,4,5,3,3,3,3,3,3,4,4,4,4,4,1,4,4,4,2,4,5,5,5,5,6,4,5,4,5,4,6,6,6,4,5,4,6,3,3,5,4,4,4,4,3,3,3,3,2,4,4,3,3,3,3,3,3,4,3,4,4,5,5,5,5,5,5,5,5,4,5,5,4,4,5,5,5,4,3,4,5,5,5,6,4,5,5,5,5,4,4,4,5,3,5,4,4,4,4,5,4,4,3,4,5,5,5,5,4,5,5,5,5,5,5,5,5,4,5,5,4,4,4,5,5,4,3,4,5,5,5,5,4,3,3,3,3,4,3,3,3,3,3,3,3,2,1,6,2,2,6,1,6,2,1,6,1,6,1,6,6,6,1,2,6,6,6,4,4,4,4,3,1,2,3,,,,,,,,,,4,5,4,4,4,5,4,3,3,21,2,2,1,,5,Alabama,8,2,9970
2/18/23 16:50,2/18/23 17:43,0,100,3228,1,2/18/23 17:43,,,,,anonymous,EN,1,3,2,2,3,1,2,2,1,1,2,3,3,3,3,3,3,3,3,6,3,3,3,3,3,3,3,3,3,1,3,1,3,1,3,1,3,5,3,3,4,5,2,1,4,4,4,4,2,5,4,2,3,4,3,4,2,4,3,4,2,3,5,2,3,5,3,2,1,2,3,3,2,2,1,2,1,1,5,6,2,1,2,1,6,5,4,1,4,6,5,4,4,1,6,6,2,4,5,6,5,4,2,2,1,5,4,2,4,2,2,2,2,5,5,5,1,2,4,3,1,1,3,3,2,3,4,3,4,4,6,7,7,6,6,4,4,5,6,5,4,3,5,4,3,6,3,2,2,7,5,7,7,6,5,7,6,5,5,3,2,6,7,3,3,2,5,5,3,7,4,2,1,7,5,2,7,3,6,6,7,5,6,6,3,4,4,5,5,4,5,4,4,3,3,3,2,6,5,7,7,6,3,4,2,4,3,2,1,2,2,4,3,2,2,1,2,1,3,1,1,1,1,1,1,1,1,1,2,1,1,1,6,2,3,1,1,3,1,3,4,,,,,,,,,,1,3,2,3,5,4,5,5,3,4,4,1,19,2,2,1,,3,Alabama ,11,5,10426
2/19/23 11:27,2/19/23 11:50,0,100,1356,1,2/19/23 11:50,,,,,anonymous,EN,1,1,3,3,2,2,1,1,3,1,3,1,3,3,3,2,3,3,3,6,3,1,3,2,3,3,3,3,1,2,2,2,2,2,3,2,2,4,4,2,2,3,3,3,2,4,4,3,3,3,3,2,1,3,1,3,3,4,5,3,3,2,2,4,4,5,5,5,1,1,4,4,3,3,4,3,4,4,5,5,4,5,4,2,6,5,5,4,5,6,5,4,5,3,5,5,6,4,5,6,5,4,5,3,4,6,3,5,3,4,2,2,3,3,4,4,2,2,2,4,2,2,3,2,5,5,4,4,4,4,5,6,4,5,6,6,6,7,5,5,7,6,7,5,6,5,4,4,5,4,5,5,4,4,4,4,5,5,5,5,4,6,4,5,6,5,7,6,7,6,5,5,6,5,6,6,6,5,6,6,5,5,6,6,5,6,6,6,7,6,6,6,7,5,5,5,6,5,7,7,6,6,3,3,3,4,4,4,4,3,4,4,4,4,2,2,1,2,6,1,1,2,1,1,2,1,6,1,1,1,1,1,1,1,1,1,2,3,3,4,3,1,,,2,,3,,,,,,,5,5,5,5,5,6,4,4,4,21,2,2,1,,3,CT,3,3,9832
2/20/23 14:03,2/20/23 14:23,0,100,1198,1,2/20/23 14:23,,,,,anonymous,EN,1,1,3,2,3,1,3,1,3,1,3,3,1,2,2,1,3,3,3,4,2,2,2,3,2,3,2,3,2,3,3,3,3,3,3,3,3,5,5,2,2,5,4,1,4,5,4,4,1,2,2,3,5,4,2,4,5,4,5,5,3,4,5,3,4,5,5,5,1,1,5,5,5,4,4,4,4,4,6,5,5,5,5,1,5,5,5,4,5,5,5,5,5,6,6,4,5,5,4,6,6,5,4,5,5,4,2,4,4,5,2,2,2,5,5,5,1,2,4,3,3,2,3,1,1,1,6,1,6,6,7,7,7,7,7,7,7,7,7,7,7,7,7,5,5,7,7,5,6,7,7,7,7,7,6,6,6,6,6,6,6,6,7,7,7,7,6,5,5,7,7,6,6,7,7,7,7,7,7,7,7,7,7,7,7,7,7,7,7,7,6,6,6,7,7,5,7,7,7,7,7,7,4,5,5,4,4,4,5,4,4,5,4,4,6,3,2,2,6,1,1,2,1,1,1,1,6,1,2,6,6,1,3,6,6,6,3,4,2,4,4,,3,1,,2,,,,,,,,5,5,5,5,5,6,6,5,5,19,2,2,1,,3,AL,2,2,9985
2/20/23 15:54,2/20/23 16:17,0,100,1376,1,2/20/23 16:17,,,,,anonymous,EN,1,2,3,1,3,1,1,1,1,1,2,1,1,1,1,1,3,2,2,6,3,3,2,3,3,3,2,3,3,1,1,3,3,3,3,3,3,5,3,5,1,4,5,3,4,5,5,4,5,4,2,2,3,5,2,3,4,3,5,3,3,2,4,4,5,5,5,5,1,1,5,5,3,3,2,3,2,4,6,6,4,5,5,1,6,5,6,4,4,6,5,5,4,4,5,5,3,4,4,6,6,5,3,3,4,4,4,4,4,4,4,2,3,4,5,4,2,2,2,5,5,2,2,1,5,3,6,1,6,6,7,5,7,3,5,5,5,5,5,7,7,6,4,7,6,7,4,3,5,7,7,7,7,5,5,4,5,3,4,4,4,5,4,7,7,5,4,7,5,6,4,4,4,6,7,7,7,4,7,5,5,4,5,5,5,7,4,7,7,5,5,7,5,7,5,4,4,5,5,5,6,4,1,1,1,2,3,3,4,4,3,3,3,4,6,6,6,2,3,6,1,3,1,1,3,6,3,1,3,6,1,1,2,1,2,1,1,4,4,5,5,,1,2,3,,,,,,,,,6,6,4,5,5,6,5,5,2,20,2,1,1,,3,Alabama,1,2,10009
2/20/23 18:41,2/20/23 18:55,0,100,820,1,2/20/23 18:55,,,,,anonymous,EN,1,3,3,1,2,1,1,3,2,1,2,3,3,1,1,1,3,2,2,6,2,2,1,1,3,1,2,1,3,1,1,1,1,2,1,3,2,5,3,1,2,4,3,3,4,4,4,4,4,4,4,3,3,3,4,3,4,5,4,3,3,2,3,4,3,4,4,3,1,1,4,4,4,4,5,5,5,5,4,4,3,4,4,3,3,3,4,4,4,4,3,3,3,3,4,4,5,5,4,5,5,5,5,2,2,2,3,4,4,4,4,4,5,6,6,6,4,4,4,4,4,4,4,4,3,3,3,4,4,5,4,4,4,5,4,3,4,5,5,4,6,5,4,4,4,5,5,4,5,5,5,5,5,4,5,4,5,4,5,5,5,5,4,4,5,4,5,5,4,4,4,4,4,5,5,6,6,7,7,7,7,7,7,7,3,3,4,4,4,3,4,2,4,4,4,4,5,5,5,4,3,4,3,4,3,4,5,5,5,5,4,5,5,5,6,6,2,6,2,6,6,6,6,6,6,6,2,3,2,6,2,3,6,6,2,6,1,3,4,4,4,2,3,3,3,2,1,2,2,2,2,3,1,4,4,5,5,6,4,5,4,4,19,2,2,1,,3,AL,8,6,10462
2/21/23 7:57,2/21/23 8:52,0,100,3329,1,2/21/23 8:52,,,,,anonymous,EN,1,1,3,2,3,3,3,1,1,1,3,3,2,3,3,1,2,3,3,6,3,3,3,3,3,3,2,2,1,2,3,1,3,2,2,2,2,5,5,5,5,5,5,5,5,5,5,5,5,5,5,5,5,5,5,5,5,5,5,5,5,5,5,5,5,5,5,5,5,5,5,5,5,5,5,5,5,5,6,6,6,6,6,4,6,6,6,6,6,6,6,6,6,6,6,6,1,6,6,6,6,6,6,6,6,6,6,6,6,6,6,6,6,6,6,6,1,1,1,1,1,1,1,1,6,6,6,6,6,6,7,7,7,7,7,7,7,7,7,7,7,7,7,7,7,7,7,7,7,7,7,7,7,7,7,7,7,7,7,7,7,7,7,7,7,7,7,7,7,7,7,7,7,7,7,7,7,7,7,7,7,7,7,7,7,7,7,7,7,7,7,7,7,7,7,7,7,7,7,7,7,7,5,5,5,5,5,5,5,5,5,5,5,5,3,3,3,3,3,3,3,3,3,3,3,3,3,3,3,3,3,3,3,1,3,1,1,5,5,5,5,3,3,3,3,3,3,3,3,3,3,3,3,6,6,6,6,6,6,6,6,6,42,2,2,2,,4,Alabama ,8,1,10456
2/21/23 8:56,2/21/23 9:14,0,100,1088,1,2/21/23 9:14,,,,,anonymous,EN,1,1,3,3,1,2,3,1,1,1,3,3,3,1,2,1,3,2,3,4,3,3,2,1,3,1,3,3,3,3,1,1,3,3,3,3,3,5,5,2,3,1,1,1,5,5,1,4,1,1,1,3,1,2,1,4,4,3,4,1,1,4,1,5,5,3,5,2,1,2,5,3,2,3,2,2,2,4,6,6,3,5,2,1,5,2,5,2,2,6,5,5,2,2,5,4,1,6,3,6,6,5,2,2,2,2,2,6,3,2,1,2,3,5,4,5,5,1,3,3,2,1,1,2,3,3,5,1,4,4,6,6,7,7,3,5,6,7,1,7,7,6,7,4,3,4,4,3,6,6,6,6,7,6,4,5,4,4,5,5,4,7,1,7,7,5,7,4,4,7,4,4,6,6,4,6,6,6,7,7,7,7,4,5,3,7,2,7,7,5,6,5,5,7,6,4,6,6,7,7,6,6,2,5,3,4,4,4,4,5,2,3,4,5,3,3,3,3,3,1,1,6,6,1,3,3,3,1,3,2,3,1,3,3,6,6,1,4,3,4,2,1,,,,2,,,,3,,,,6,6,3,4,4,6,6,4,5,19,2,1,1,,2,IL,3,3,10366
2/21/23 12:59,2/21/23 13:10,0,100,671,1,2/21/23 13:10,,,,,anonymous,EN,1,1,3,3,3,3,1,1,1,1,1,1,1,1,1,1,1,1,1,6,1,1,1,1,2,2,3,2,3,3,3,1,3,1,3,1,3,3,3,3,3,3,3,3,3,3,2,2,2,3,2,3,3,3,3,2,4,2,3,3,3,2,3,2,4,3,3,3,3,3,3,3,3,3,3,3,3,3,4,4,3,3,4,1,3,3,3,1,2,4,4,4,3,3,3,3,4,4,3,4,4,2,2,5,3,1,2,2,3,3,3,3,3,3,3,3,2,3,3,4,3,3,4,4,3,3,3,3,3,3,4,4,4,4,4,4,4,4,4,4,4,4,4,4,4,4,4,4,4,4,4,4,4,4,4,4,4,4,4,4,4,4,3,4,3,5,3,3,4,5,5,4,4,4,4,3,3,3,4,4,4,4,4,4,4,5,5,5,5,5,4,4,4,4,4,4,4,4,4,3,3,3,3,3,3,2,4,4,4,4,3,3,2,2,6,6,6,2,2,2,2,2,6,3,3,3,3,3,3,3,3,3,6,6,2,2,1,4,1,3,2,1,,,2,3,,,,,,,,4,4,4,4,4,4,4,4,4,19,2,2,1,,3,Georgia,1,2,10384
2/14/23 15:04,2/14/23 15:06,0,2,130,0,2/21/23 15:06,,,,,anonymous,EN,1,,,,,,,,,,,,,,,,,,,,,,,,,,,,,,,,,,,,,,,,,,,,,,,,,,,,,,,,,,,,,,,,,,,,,,,,,,,,,,,,,,,,,,,,,,,,,,,,,,,,,,,,,,,,,,,,,,,,,,,,,,,,,,,,,,,,,,,,,,,,,,,,,,,,,,,,,,,,,,,,,,,,,,,,,,,,,,,,,,,,,,,,,,,,,,,,,,,,,,,,,,,,,,,,,,,,,,,,,,,,,,,,,,,,,,,,,,,,,,,,,,,,,,,,,,,,,,,,,,,,,,,,,,,,,,,9799
2/22/23 9:03,2/22/23 9:53,0,100,2987,1,2/22/23 9:53,,,,,anonymous,EN,1,1,3,3,3,3,1,1,1,1,3,2,2,3,3,3,2,3,3,6,3,3,2,3,3,3,2,3,3,3,3,3,3,3,3,3,3,5,4,1,1,1,4,4,5,4,4,5,1,5,1,1,5,1,1,5,5,5,5,5,1,5,5,1,5,5,5,5,1,1,5,5,5,5,5,5,5,5,6,6,1,5,5,1,6,6,1,1,1,6,6,1,6,1,5,6,4,5,1,6,4,4,1,5,6,1,1,1,6,1,1,1,1,6,6,6,1,1,1,1,1,1,1,1,1,1,6,1,6,6,7,7,7,7,7,7,7,7,7,7,7,7,7,7,7,7,7,7,7,7,7,7,7,7,6,6,6,6,6,6,6,6,6,6,6,6,6,6,6,6,6,6,6,6,6,6,6,6,7,7,6,7,7,7,7,7,7,7,7,7,7,7,7,7,7,7,7,7,7,7,7,7,3,3,3,3,5,5,5,4,4,4,4,4,6,6,6,6,6,2,1,6,6,6,6,6,6,1,6,3,3,1,6,6,6,1,5,5,5,5,5,3,1,,2,,,,,,,,,6,6,6,6,6,6,6,6,6,33,2,2,2,,5,tx,9,1,10495
2/22/23 14:50,2/22/23 15:18,0,100,1707,1,2/22/23 15:18,,,,,anonymous,EN,1,1,1,2,3,2,1,3,3,1,2,1,3,2,1,1,1,3,1,6,2,1,3,2,3,2,3,3,1,2,2,2,2,3,2,2,3,5,5,4,4,3,3,2,3,3,4,4,3,4,4,4,3,5,3,3,3,3,5,4,2,1,3,2,4,5,4,4,2,2,4,4,4,4,4,3,2,2,5,4,4,4,4,1,2,3,3,3,3,5,5,4,4,4,5,5,3,4,5,6,6,5,1,5,4,6,1,3,4,4,2,2,2,4,4,4,2,2,4,4,1,2,4,4,3,3,5,3,5,5,7,6,6,5,7,7,6,6,3,7,7,5,6,7,7,7,7,6,6,7,7,7,7,7,7,6,6,5,5,5,4,5,4,7,7,7,6,6,6,7,7,5,5,7,7,7,7,7,7,7,7,7,7,7,7,7,7,7,7,7,7,7,7,7,7,7,7,7,7,7,7,7,4,4,5,5,3,3,4,4,5,3,5,5,6,3,3,6,6,3,3,2,3,1,6,1,3,3,3,1,3,2,2,1,3,2,2,4,4,4,3,,,1,2,,,,,,,3,,6,6,4,6,6,6,6,6,6,20,2,2,1,,3,alabama ,2,2,10498
2/15/23 18:32,2/22/23 17:01,0,100,599324,1,2/22/23 17:01,,,,,anonymous,EN,1,1,3,2,3,1,3,1,3,1,3,2,2,2,2,2,2,2,2,4,2,2,2,2,2,2,2,2,1,3,1,2,2,3,1,2,2,5,4,2,2,3,5,4,2,5,1,5,5,5,2,2,5,2,1,5,5,4,5,5,1,3,2,4,4,5,5,5,1,2,4,4,5,5,2,5,3,4,6,6,2,6,6,2,6,6,6,3,1,5,6,3,6,2,5,5,5,5,6,6,6,5,6,1,4,5,2,6,6,6,5,2,6,6,5,5,2,2,1,1,1,1,1,2,6,2,6,1,6,6,7,7,7,7,7,7,7,6,7,7,7,7,6,3,6,4,5,5,7,7,7,7,6,7,7,7,7,2,7,6,7,3,7,4,6,3,7,6,5,7,7,7,7,2,6,6,7,4,5,5,4,2,6,6,4,6,7,5,7,3,7,7,6,6,6,6,6,2,7,7,7,5,2,1,2,3,4,4,4,4,5,5,5,5,3,2,3,1,3,3,1,3,1,1,3,1,3,3,3,3,3,2,6,6,1,1,2,3,5,5,5,,,,1,2,,,,3,,,,6,6,6,6,6,6,4,4,3,19,2,2,1,,3,Tennessee,3,2,10420
2/22/23 21:07,2/22/23 21:14,0,100,426,1,2/22/23 21:14,,,,,anonymous,EN,1,2,2,1,1,3,3,2,3,3,2,2,2,1,1,2,3,2,1,6,3,2,3,3,3,2,1,3,3,1,3,2,3,2,1,3,2,4,4,3,4,4,3,4,3,3,3,3,5,5,4,4,5,3,4,4,4,3,4,4,5,3,4,4,4,4,3,4,4,4,4,3,4,5,4,3,4,4,5,4,5,5,5,4,4,5,4,4,5,4,4,5,4,4,5,4,4,5,5,5,5,4,4,5,4,4,4,4,5,6,4,5,4,4,5,4,5,6,5,5,6,5,6,5,5,4,5,4,5,4,5,4,5,4,4,4,5,4,4,5,5,5,4,5,5,6,6,7,6,6,6,5,6,6,7,6,6,5,5,6,7,6,6,6,7,6,6,5,6,6,6,7,6,6,6,6,5,6,6,7,6,5,6,6,6,7,6,6,5,6,6,7,7,6,6,5,6,7,6,6,6,5,2,3,2,2,3,3,2,3,4,3,2,3,3,3,3,6,6,6,2,2,6,6,6,3,6,6,3,6,3,6,6,3,6,6,4,3,4,4,5,3,2,3,2,1,2,1,2,2,1,2,1,5,4,5,5,5,4,4,4,5,20,1,2,1,,2,italian,3,2,10501
2/21/23 13:56,2/22/23 21:37,0,100,114064,1,2/22/23 21:37,,,,,anonymous,EN,1,1,3,2,3,2,1,1,1,1,2,2,3,2,3,2,3,2,2,6,3,2,3,3,2,3,2,2,1,1,2,2,2,3,1,2,2,3,4,3,2,4,3,3,4,4,4,4,2,4,3,4,3,4,3,4,4,4,4,2,2,4,4,2,4,4,4,3,2,2,4,4,3,2,3,2,2,2,4,5,4,3,3,1,5,5,4,2,4,5,5,3,4,2,5,5,4,4,4,5,5,4,3,4,5,3,3,3,4,2,2,2,3,4,4,4,4,3,3,5,3,2,5,3,3,3,5,3,5,5,4,5,5,5,4,3,5,5,4,5,5,5,4,4,5,5,5,4,4,4,5,4,5,4,3,5,5,5,3,3,5,3,4,4,5,5,5,4,4,4,4,4,5,3,5,4,5,3,3,5,5,5,3,3,3,5,4,5,5,5,5,5,3,3,5,4,5,3,5,3,5,3,4,3,2,3,4,4,4,4,4,3,4,4,1,1,1,1,1,1,1,1,1,1,1,1,1,1,1,1,1,1,1,1,1,1,2,4,3,4,4,,,,,2,,,,1,,3,,4,4,3,4,4,3,3,5,5,18,2,2,1,,2,pennsylvania,3,2,10117
2/23/23 7:09,2/23/23 7:37,0,100,1719,1,2/23/23 7:37,,,,,anonymous,EN,1,1,3,1,3,1,1,1,1,1,3,3,2,3,2,3,2,3,2,5,3,3,3,3,3,3,3,3,1,3,3,2,2,3,3,2,2,5,3,3,2,5,3,2,4,4,4,3,1,5,2,1,5,2,1,5,4,4,3,5,1,3,5,1,3,5,5,3,1,1,3,4,2,3,4,3,5,4,4,4,4,6,6,1,5,6,6,3,3,6,6,4,4,3,5,3,5,5,1,6,4,4,2,2,1,3,1,4,6,2,3,3,3,4,4,4,1,2,1,2,1,1,1,1,1,1,5,1,5,5,6,6,7,7,7,5,5,6,6,6,5,4,7,6,6,5,4,5,5,7,4,4,6,3,6,6,6,6,6,3,5,6,6,7,7,4,6,5,5,4,4,4,4,7,5,3,6,2,7,6,6,6,6,6,6,6,5,7,6,4,7,6,5,5,4,4,5,7,6,6,7,5,4,3,4,4,5,5,4,4,4,4,4,5,1,1,6,1,1,2,1,2,1,2,1,1,2,1,1,3,1,1,1,2,1,2,3,3,4,4,3,3,3,1,2,1,2,1,1,1,3,2,2,5,6,6,5,5,6,5,5,4,46,2,2,1,,4,Alabama,2,2,10510
2/16/23 11:40,2/16/23 11:49,0,20,581,0,2/23/23 11:49,,,,,anonymous,EN,1,,,,,,,,,,,,,,,,,,,,,,,,,,,,,,,,,,,,,5,5,1,3,5,5,2,2,4,5,5,1,3,2,3,4,4,2,4,4,5,5,5,4,4,5,3,4,,,,,,,,,,,,,,6,5,4,3,4,1,5,6,5,4,5,5,5,5,5,6,6,5,5,5,5,6,6,5,4,5,5,4,3,3,4,4,3,3,3,4,4,4,2,2,3,3,3,2,3,2,1,1,6,1,6,6,,,,,,,,,,,,,,,,,,,,,,,,,,,,,,,,,,,,,,,,,,,,,,,,,,,,,,,,,,,,,,,,,,,,,,,,,,,,,,,,,,,,,,,,,,,,,,,,,,,,,,,,,,,3,3,2,4,4,,3,1,,2,,,,,,,,4,5,5,5,5,5,5,5,5,,,,,,,,,,9985
2/24/23 9:07,2/24/23 9:32,0,100,1505,1,2/24/23 9:32,,,,,anonymous,EN,1,1,3,1,3,1,3,1,1,1,1,1,1,1,1,1,1,1,1,4,3,3,3,3,3,3,3,3,2,3,3,3,2,3,3,3,2,3,5,3,1,2,1,3,4,4,4,4,3,2,1,2,2,4,1,2,4,4,4,4,3,3,3,2,4,5,5,5,1,1,4,5,2,2,3,2,3,2,6,5,3,4,6,1,5,6,4,2,6,6,6,4,6,6,6,6,4,5,4,6,6,6,2,4,4,3,3,4,5,4,2,2,2,4,5,6,1,1,1,1,1,1,2,2,2,2,4,2,4,5,5,5,6,7,6,4,7,5,4,7,7,7,6,6,5,5,5,5,6,7,6,7,7,7,5,6,6,7,5,4,6,5,4,6,6,6,5,7,5,6,6,4,6,7,5,6,7,6,5,6,7,7,6,5,4,5,4,6,5,6,7,6,5,6,5,4,5,6,5,6,7,7,5,5,5,5,5,5,5,4,3,4,4,5,6,6,2,2,6,6,1,2,1,1,2,1,2,1,2,1,2,1,2,1,1,1,4,4,5,5,5,,,,2,,,,,1,,3,,5,5,4,6,6,6,6,6,6,20,1,2,1,,4,Alabama,1,2,9916
2/24/23 14:08,2/24/23 14:36,0,100,1730,1,2/24/23 14:36,,,,,anonymous,EN,1,2,3,2,3,2,1,1,3,1,2,2,2,2,2,2,3,2,2,6,2,2,3,3,2,2,3,3,2,3,3,3,3,3,3,3,3,4,4,2,1,5,2,1,4,4,3,5,1,2,1,3,5,2,1,3,5,3,5,5,2,3,5,2,2,5,5,5,1,1,5,5,3,2,4,3,4,4,5,4,2,4,2,1,5,5,4,2,6,6,6,4,5,1,5,6,2,6,5,6,5,5,2,3,2,4,2,3,5,1,4,4,4,3,3,4,2,2,2,4,2,2,2,2,2,2,5,2,5,5,4,5,5,5,5,4,6,6,5,7,7,4,5,5,7,5,4,6,6,6,6,6,7,4,3,5,5,5,6,4,6,7,5,7,7,4,6,6,7,6,4,4,4,5,7,5,7,4,4,5,5,6,6,6,6,7,6,7,7,5,7,6,7,6,4,5,4,4,7,6,7,4,3,3,3,3,4,4,5,3,3,4,3,5,2,3,3,6,3,2,1,2,1,1,1,1,6,1,3,1,6,1,1,1,1,1,3,3,4,4,3,1,,,2,,,3,,,,,,4,5,4,3,3,5,5,4,3,20,2,2,1,,3,Louisiana ,3,3,10537
2/24/23 14:05,2/24/23 14:39,0,100,2045,1,2/24/23 14:39,,,,,anonymous,EN,1,2,3,2,3,2,3,1,3,1,3,2,3,2,2,1,1,2,3,6,1,3,3,1,2,3,2,2,1,1,3,3,3,2,3,2,3,4,4,3,2,5,4,1,2,3,4,2,3,3,3,4,4,4,2,2,4,2,4,3,3,2,4,2,2,5,5,3,1,1,3,5,2,2,3,2,2,3,4,5,3,5,3,2,4,4,5,2,5,5,4,5,5,4,5,4,3,4,5,6,5,4,4,5,4,6,1,3,4,2,3,4,2,3,2,4,3,2,4,4,2,3,3,2,2,2,4,2,4,4,4,5,6,5,5,6,5,6,6,6,7,6,6,5,6,5,5,5,5,6,6,6,7,5,3,5,5,5,5,5,4,4,5,3,5,5,4,4,3,5,4,4,3,5,6,5,6,3,3,5,5,4,4,5,4,3,5,5,6,4,4,4,3,4,4,4,3,5,5,5,6,5,2,2,2,3,1,2,3,2,3,3,3,4,2,1,6,1,6,1,1,2,1,1,6,1,6,1,3,1,3,1,2,1,1,1,3,5,4,5,4,2,,,1,,,,,,,,3,4,5,4,5,5,5,4,4,4,20,2,2,1,,2,Alabama,1,2,10534
2/25/23 17:19,2/25/23 17:31,0,100,670,1,2/25/23 17:31,,,,,anonymous,EN,1,2,3,3,1,1,3,3,1,1,2,1,1,3,3,3,3,3,1,4,1,3,3,2,2,2,3,2,1,1,2,1,2,3,3,3,2,1,4,4,4,4,4,3,3,3,4,3,3,4,1,2,3,2,4,3,4,2,3,4,4,2,3,5,4,3,4,5,4,4,4,4,4,4,4,3,5,4,6,6,6,5,5,2,5,5,4,4,4,5,4,5,3,4,3,4,4,4,3,4,4,3,2,3,2,3,4,4,4,4,3,2,4,3,3,3,5,4,4,5,5,5,5,5,4,3,4,4,4,4,3,4,5,5,6,4,5,4,5,3,4,5,4,4,4,4,4,4,4,4,4,4,4,4,4,5,4,4,5,4,4,5,4,4,5,4,4,4,4,4,4,4,4,4,4,4,4,4,5,3,4,5,4,4,4,4,4,4,4,4,4,4,4,4,4,5,4,3,4,4,4,4,1,2,3,3,3,4,3,3,3,2,2,3,6,2,6,3,6,1,2,1,6,2,2,3,6,2,1,2,6,2,3,6,6,2,2,2,2,3,5,3,3,2,3,2,2,1,1,2,1,1,2,5,4,3,3,4,3,2,3,4,18,2,2,1,,3,Tennesse,3,4,10315
2/25/23 18:35,2/25/23 19:15,0,100,2377,1,2/25/23 19:15,,,,,anonymous,EN,1,1,3,3,3,3,3,1,3,1,1,1,1,1,2,2,1,1,3,6,2,1,1,1,2,2,3,2,3,3,1,3,3,3,3,3,3,4,4,4,2,4,2,4,4,4,2,4,2,4,2,3,2,2,2,4,4,4,2,2,2,4,4,2,4,5,4,3,1,2,4,4,3,3,3,3,4,4,5,5,3,4,5,1,5,5,4,4,5,6,5,4,4,5,5,5,4,5,5,6,5,5,4,4,5,4,2,3,4,5,2,2,3,5,5,5,5,2,5,5,2,2,5,2,2,2,5,2,5,5,5,5,6,5,5,5,6,6,4,6,6,6,5,5,6,6,6,5,6,6,6,6,6,7,5,5,5,5,5,5,5,6,5,5,5,5,5,5,5,5,5,5,5,5,5,5,5,6,5,5,5,5,5,5,5,5,5,5,5,5,5,5,5,5,5,5,5,5,5,5,5,6,4,4,4,4,4,4,4,4,3,4,4,4,1,1,6,1,2,1,1,1,1,1,1,1,6,1,1,1,1,1,1,1,1,1,1,4,2,4,2,1,,,,2,,,,3,,,,5,5,5,6,6,5,5,5,5,20,2,2,1,,3,Georgia,1,4,10207
2/25/23 21:12,2/25/23 21:31,0,100,1134,1,2/25/23 21:31,,,,,anonymous,EN,1,1,3,2,3,3,3,1,3,1,2,3,3,3,3,3,3,3,3,6,1,2,2,2,3,3,2,3,1,3,3,3,3,3,3,3,3,4,4,4,3,3,3,3,4,4,4,4,3,4,4,2,2,3,2,4,4,4,4,3,2,4,3,2,4,5,5,5,1,1,5,5,1,1,4,1,3,4,4,4,3,3,3,1,3,3,4,3,3,4,4,3,3,1,4,4,2,2,2,4,3,4,4,3,4,4,3,4,3,4,1,1,1,6,6,6,1,1,3,4,1,1,1,1,1,1,6,1,6,6,5,5,5,5,5,5,5,7,5,7,5,5,6,5,5,5,5,5,5,5,5,5,6,5,6,6,6,5,5,5,5,7,5,6,5,5,6,5,6,5,5,5,5,5,5,5,5,5,6,6,5,5,5,5,5,7,5,7,5,5,6,5,5,5,5,5,5,5,7,5,6,5,3,3,3,3,4,4,4,4,4,4,4,4,3,3,3,3,3,3,3,3,1,1,3,3,3,1,3,3,3,1,3,3,2,1,1,4,4,4,4,,,,,1,,,,2,3,,,4,4,4,4,4,4,4,3,3,20,2,2,1,,3,Alabama,11,6,10078
2/27/23 6:53,2/27/23 7:11,0,100,1070,1,2/27/23 7:11,,,,,anonymous,EN,1,1,3,3,2,3,1,1,1,1,3,3,3,2,3,3,2,3,3,4,3,3,2,3,3,3,2,3,2,2,1,1,2,3,1,2,1,3,5,4,2,3,3,3,3,4,4,4,3,4,4,3,3,3,3,4,1,3,3,2,1,2,3,3,2,4,4,4,3,2,3,3,4,3,4,3,3,4,5,5,4,5,5,3,4,4,4,4,4,4,3,3,3,3,6,2,2,5,3,6,6,5,4,3,4,3,2,5,6,4,2,3,4,4,4,3,3,4,4,4,4,5,3,4,2,2,2,2,2,2,6,5,6,7,6,7,5,6,3,7,7,6,6,7,6,5,5,4,5,6,7,5,7,7,5,6,4,4,3,4,6,5,4,6,5,5,4,5,5,4,5,2,4,4,6,5,5,6,5,6,5,4,6,4,4,5,6,5,5,5,4,5,5,7,6,6,5,5,6,5,5,6,4,4,4,3,2,4,4,4,4,2,2,4,2,6,2,2,2,6,2,2,2,2,6,2,2,2,2,6,2,2,2,6,2,1,2,2,3,3,3,,,,,,,,,,,,,5,5,5,5,5,4,5,5,4,21,2,1,1,,5,IL,8,3,10531
2/27/23 8:35,2/27/23 9:32,0,100,3412,1,2/27/23 9:32,,,,,anonymous,EN,1,1,3,1,3,3,3,1,1,1,3,3,3,3,3,2,3,1,3,4,2,1,2,2,2,2,2,1,1,2,2,2,2,2,2,2,2,4,5,2,1,3,2,4,5,5,3,4,4,3,2,4,1,3,1,4,4,3,4,4,2,4,2,1,4,5,5,5,1,1,5,5,5,5,5,5,5,5,5,5,5,5,5,1,5,5,5,5,4,5,5,5,5,5,3,5,4,5,5,5,4,5,5,2,4,4,1,5,5,5,2,2,2,5,5,5,1,1,1,3,1,1,1,1,2,2,6,2,6,5,6,6,4,5,3,5,6,7,5,6,7,6,3,5,3,5,6,4,4,5,5,6,4,6,6,6,4,5,5,6,5,7,4,5,6,5,3,5,3,6,6,4,4,5,6,6,3,6,6,7,6,6,6,6,6,7,5,6,7,5,5,5,2,7,7,6,5,6,7,6,3,7,5,5,5,5,5,5,5,4,4,5,4,5,6,1,6,2,6,1,1,2,1,1,3,2,6,1,1,2,6,1,1,1,1,1,1,4,4,5,5,,,,1,,,,2,,,3,,6,6,6,6,6,6,6,6,6,18,2,2,1,,3,Georgia,1,2,10126
2/27/23 10:22,2/27/23 10:37,0,100,888,1,2/27/23 10:37,,,,,anonymous,EN,1,1,3,1,3,1,3,1,3,1,1,1,1,2,3,1,1,1,3,4,3,1,2,2,3,2,1,1,1,2,2,2,2,2,2,2,2,4,3,2,4,2,4,2,3,2,3,2,4,2,3,4,2,4,3,4,2,5,2,3,2,3,4,2,2,5,5,5,1,1,5,5,5,5,5,1,4,5,6,6,1,4,1,1,5,5,1,1,5,6,4,5,4,1,4,6,1,4,6,6,4,4,4,1,6,5,3,4,5,1,2,3,2,3,4,1,1,3,1,1,1,1,1,1,4,4,5,4,5,4,4,5,5,3,5,4,6,6,2,7,7,5,5,4,3,6,3,5,5,3,3,4,5,4,5,5,3,4,6,4,5,3,1,7,7,4,4,2,5,2,6,3,6,2,5,3,4,6,3,5,4,5,3,2,3,3,2,6,7,4,4,3,6,6,1,5,2,5,2,5,2,3,3,5,1,1,2,3,4,3,3,4,2,4,6,1,3,2,6,2,1,3,1,2,3,1,3,1,3,6,3,1,3,3,3,3,1,3,4,5,5,,,,,,,1,,3,,2,,4,3,1,3,3,4,3,3,1,19,2,2,1,,3,Alabama,2,3,9844
2/27/23 12:58,2/27/23 13:19,0,100,1253,1,2/27/23 13:19,,,,,anonymous,EN,1,2,3,3,3,3,1,3,1,1,3,3,1,3,3,1,3,3,1,5,1,3,1,3,3,3,3,3,2,1,3,3,3,2,3,3,3,4,4,1,4,4,3,2,4,4,4,4,3,4,3,2,2,3,2,3,4,4,4,2,2,4,3,2,5,5,5,5,1,2,5,4,3,4,2,2,4,3,5,5,2,2,2,2,5,5,3,2,3,5,5,5,4,1,5,4,5,5,4,5,4,5,4,4,5,5,5,4,4,4,2,2,2,5,5,5,1,1,1,2,1,6,2,2,2,3,5,2,5,4,5,5,5,6,5,5,5,6,4,6,6,6,6,6,5,6,5,4,5,4,5,5,6,4,5,5,5,5,5,5,5,5,4,5,5,5,5,5,5,5,5,5,5,5,5,5,5,5,6,5,5,5,6,5,5,6,5,6,6,5,6,6,5,6,5,4,5,4,5,5,6,5,2,2,3,3,4,5,5,4,4,3,3,3,3,3,2,2,3,1,1,2,1,1,6,1,6,1,1,2,3,1,2,1,1,1,1,2,2,3,3,3,2,1,3,1,1,2,2,3,1,3,1,4,3,2,2,3,2,2,2,1,29,2,2,1,,4,MD,11,4,10465
2/27/23 14:53,2/27/23 15:35,0,100,2512,1,2/27/23 15:35,,,,,anonymous,EN,1,1,3,3,3,3,3,1,1,2,1,2,3,1,1,3,1,2,3,4,2,1,2,3,3,3,3,3,2,3,3,1,3,3,3,3,2,4,4,3,3,2,2,3,4,4,4,4,3,3,3,2,2,4,2,3,4,4,4,3,3,3,2,2,4,5,5,5,1,1,5,5,4,4,4,4,4,4,5,5,5,5,5,2,5,5,5,5,3,5,3,5,4,5,4,5,5,5,5,5,5,5,5,5,5,6,4,5,5,4,3,3,3,4,4,4,2,2,2,2,2,2,2,2,3,3,5,2,5,5,5,5,5,5,5,5,5,5,4,6,6,6,6,6,6,6,5,5,5,5,5,5,5,6,5,5,5,5,5,5,5,5,4,6,6,5,5,5,5,5,5,5,5,5,5,6,6,6,5,5,5,5,5,5,5,5,4,6,6,5,5,5,5,6,5,5,5,5,5,5,5,6,4,4,4,4,4,4,4,4,4,3,5,4,6,6,2,2,6,2,2,2,2,2,2,2,6,2,2,2,6,2,2,2,2,2,3,4,4,4,4,,,,1,3,,,,,,2,,5,5,5,5,5,5,5,5,5,18,2,2,1,,2,Illinois ,3,2,10132
2/28/23 10:01,2/28/23 10:34,0,100,1968,1,2/28/23 10:34,,,,,anonymous,EN,1,1,3,2,3,3,3,1,3,1,2,3,2,3,2,2,2,3,3,6,3,3,3,3,2,3,3,2,2,3,1,3,3,2,3,2,2,2,4,2,2,3,2,3,4,5,3,5,2,3,2,2,3,2,1,4,4,4,3,2,1,3,2,2,3,5,5,5,1,1,4,5,3,3,3,3,4,4,4,5,3,4,4,1,5,5,5,2,1,6,6,6,6,1,5,5,3,5,3,6,6,5,4,4,3,3,2,2,4,4,2,3,3,4,4,4,2,2,2,2,2,2,1,1,4,3,5,2,5,5,5,5,6,6,5,6,6,7,4,5,6,7,5,5,6,5,5,5,5,6,6,6,6,5,5,6,6,6,5,7,6,6,5,6,6,7,5,5,6,5,5,5,5,6,6,6,6,5,6,6,7,7,6,7,5,6,5,6,6,6,5,5,6,5,5,5,5,6,5,6,7,5,3,3,4,3,4,4,4,4,4,4,4,4,6,6,6,6,6,6,1,6,6,6,6,1,1,1,6,1,1,1,6,6,6,2,3,4,4,4,4,3,,,2,1,,,,,,,,5,5,5,5,5,5,5,5,5,19,2,2,1,,4,Oklahoma,3,2,10279
2/28/23 11:52,2/28/23 13:49,0,100,7018,1,2/28/23 13:49,,,,,anonymous,EN,1,1,3,3,3,2,1,3,2,1,2,3,1,3,1,3,3,1,1,6,1,3,2,1,2,2,3,2,2,1,3,2,3,1,3,2,2,1,4,2,4,5,3,2,4,3,5,4,2,2,4,2,5,5,3,2,2,3,3,2,3,1,5,2,3,4,2,2,1,3,3,5,1,1,2,1,1,3,4,5,1,4,5,1,4,6,4,5,5,6,5,3,4,1,3,5,1,4,4,6,6,4,2,3,3,5,4,5,2,4,3,3,3,4,4,4,2,1,2,3,2,2,2,2,4,3,4,2,5,5,3,4,2,5,4,2,5,6,5,4,5,4,6,6,5,4,6,4,4,4,5,5,7,3,2,3,5,3,3,2,5,6,4,3,5,4,6,6,4,2,6,4,4,5,4,4,6,3,3,3,5,4,4,3,6,7,4,5,5,4,7,6,4,4,5,4,4,4,3,4,7,4,2,3,2,2,5,4,3,5,3,1,2,4,6,1,1,1,1,6,1,2,1,1,1,2,1,1,1,2,2,1,1,1,1,1,1,1,2,3,4,,,,1,,,,,,2,3,,5,5,5,5,5,5,4,4,4,21,2,2,1,,3,Alabama,8,6,9967
2/19/23 22:37,2/21/23 19:55,0,16,163095,0,2/28/23 19:55,,,,,anonymous,EN,1,,,,,,,,,,,,,,,,,,,,,,,,,,,,,,,,,,,,,,,,,,,,,,,,,,,,,,,,,,,,,,,,,,,,,,,,,,,,,,6,6,4,6,6,4,6,6,6,6,6,6,3,6,6,6,6,6,6,6,6,6,6,6,6,6,6,6,1,1,6,6,3,3,3,3,3,3,,,,,,,,,,,,,,,,,,,,,,,,,,,,,,,,,,,,,,,,,,,,,,,,,,,,,,,,,,,,,,,,,,,,,,,,,,,,,,,,,,,,,,,5,5,5,5,5,5,5,5,5,5,5,5,3,3,3,3,3,3,3,6,6,3,3,3,3,1,3,3,3,3,3,3,3,3,1,5,5,5,5,3,,,,,,,,,,,,6,6,6,6,6,6,6,6,6,,,,,,,,,,10456
2/21/23 20:05,2/21/23 20:06,0,3,43,0,2/28/23 20:06,,,,,anonymous,EN,1,,,,,,,,,,,,,,,,,,,,,,,,,,,,,,,,,,,,,,,,,,,,,,,,,,,,,,,,,,,,,,,,,,,,,,,,,,,,,,,,,,,,,,,,,,,,,,,,,,,,,,,,,,,,,,,,,,,,,,,,,,,,,,,,,,,,,,,,,,,,,,,,,,,,,,,,,,,,,,,,,,,,,,,,,,,,,,,,,,,,,,,,,,,,,,,,,,,,,,,,,,,,,,,,,,,,,,,,,,,,,,,,,,,,,,,,,,,,,,,,,,,,,,,,,,,,,,,,,,,,,,,,,,,,,,,10303
3/1/23 9:56,3/1/23 10:25,0,100,1775,1,3/1/23 10:25,,,,,anonymous,EN,1,1,3,3,3,3,1,1,3,1,1,1,1,1,1,3,3,1,3,6,3,1,3,3,3,3,3,3,2,3,3,2,2,3,3,2,2,4,4,3,2,4,4,1,3,4,2,3,1,3,3,4,4,4,2,4,3,4,4,4,3,3,5,3,3,5,5,4,1,1,5,5,3,4,4,4,4,5,5,5,5,4,5,2,5,6,5,5,5,6,6,4,5,6,5,5,5,6,5,5,3,5,4,6,4,5,1,4,3,5,2,3,4,3,4,4,2,2,3,3,1,1,2,4,2,2,5,2,5,5,5,4,4,5,4,4,5,5,4,6,6,5,6,6,6,5,5,4,5,5,6,7,5,7,5,4,6,6,5,4,4,6,4,6,7,6,7,5,7,5,6,4,7,5,6,7,5,7,7,6,5,6,5,6,6,6,4,6,7,5,7,6,6,5,6,4,6,5,6,7,5,7,4,4,4,4,4,4,4,4,4,5,5,5,2,3,6,2,6,3,1,1,1,1,2,1,6,1,3,1,1,1,3,2,1,6,2,5,4,5,4,1,2,3,,,,,,,,,,5,6,4,6,6,6,6,6,6,18,2,2,1,,3,Alabama,2,2,10189
2/22/23 16:13,2/22/23 16:21,0,3,475,0,3/1/23 16:21,,,,,anonymous,EN,1,,,,,,,,,,,,,,,,,,,,,,,,,,,,,,,,,,,,,,,,,,,,,,,,,,,,,,,,,,,,,,,,,,,,,,,,,,,,,,,,,,,,,,,,,,,,,,,,,,,,,,,,,,,,,,,,,,,,,,,,,,,,,,,,,,,,,,,,,,,,,,,,,,,,,,,,,,,,,,,,,,,,,,,,,,,,,,,,,,,,,,,,,,,,,,,,,,,,,,,,,,,,,,,,,,,,,,,,,,,,,,,,,,,,,,,,,,,,,,,,,,,,,,,,,,,,,,,,,,,,,,,,,,,,,,,10318
3/2/23 22:10,3/2/23 23:23,0,100,4377,1,3/2/23 23:23,,,,,anonymous,EN,1,1,3,3,3,2,1,1,1,1,3,3,3,2,2,2,1,1,2,4,2,3,1,3,3,2,1,3,1,2,2,2,1,3,2,2,2,4,4,3,2,4,4,3,4,4,4,4,2,3,2,3,2,4,2,4,4,4,4,4,3,4,4,4,4,4,4,4,1,1,4,4,4,4,4,4,4,4,5,6,4,5,4,2,4,4,5,4,5,5,5,5,5,4,4,5,5,5,5,6,5,5,5,4,5,6,3,5,5,3,3,3,4,5,5,5,3,2,2,4,3,1,2,3,5,3,5,3,5,5,5,6,2,6,7,5,7,7,5,6,7,5,7,7,5,7,7,5,5,6,7,7,7,5,5,5,2,5,5,7,7,7,4,5,7,4,7,7,7,7,7,4,4,5,7,7,7,5,5,4,1,5,5,6,7,7,5,6,7,6,7,7,7,7,7,5,5,6,7,7,7,7,4,4,4,4,4,4,4,4,4,4,4,4,6,6,6,2,6,6,1,2,1,2,6,6,3,1,6,6,6,1,2,6,6,2,4,5,3,4,4,1,3,,2,,,,,,,,,5,5,4,5,5,6,6,6,5,19,2,2,1,,2,New Jersey ,3,3,10414
2/27/23 14:08,3/5/23 10:03,0,100,503695,1,3/5/23 10:03,,,,,anonymous,EN,1,1,3,3,3,3,1,1,3,1,3,2,2,2,3,3,2,2,3,6,3,2,3,1,3,3,3,3,3,1,1,3,1,3,3,3,3,4,5,2,1,3,2,3,4,4,4,5,5,3,4,2,4,4,1,2,4,4,5,4,3,4,4,4,5,4,3,4,3,3,4,3,3,4,4,3,3,3,5,5,4,4,2,2,4,3,4,3,2,4,3,5,5,3,5,6,1,2,4,6,5,4,4,3,4,6,1,4,6,6,3,3,3,4,4,4,1,2,2,1,2,1,3,3,2,2,6,1,5,5,4,5,4,5,5,6,6,6,4,6,6,6,6,6,5,5,4,3,5,6,6,6,6,6,3,3,2,3,5,5,5,4,5,4,6,2,6,6,6,4,6,4,5,5,6,4,4,3,5,5,6,6,4,5,4,6,5,5,6,6,6,5,5,4,4,4,3,5,5,5,3,4,3,2,3,2,4,3,4,3,4,4,5,5,2,6,3,6,3,3,1,3,1,6,6,6,3,1,6,2,2,1,2,6,6,2,2,4,4,5,5,2,2,1,3,3,3,1,2,3,3,3,2,4,4,4,4,4,4,3,4,4,19,2,2,1,,3,California,8,3,10171
2/24/23 23:52,2/27/23 0:42,0,84,175802,0,3/6/23 0:42,,,,,anonymous,EN,1,1,3,1,3,1,1,1,1,1,1,1,1,2,1,3,3,2,2,4,1,1,2,2,2,3,2,2,3,1,3,1,3,1,3,1,3,5,4,2,2,3,2,1,2,4,2,4,1,2,2,5,5,2,1,4,5,5,4,5,2,2,3,1,2,5,4,3,1,2,4,5,2,2,2,2,2,4,2,5,6,3,6,1,5,4,4,3,4,5,5,5,1,6,2,5,6,4,6,6,4,1,4,6,6,1,1,4,4,6,4,3,3,2,2,2,,,,,,,,,3,3,4,3,4,5,5,7,7,5,7,7,7,5,4,6,5,7,3,5,5,5,6,5,7,7,7,6,7,7,3,7,7,3,7,6,6,3,2,6,6,3,3,6,3,3,6,3,1,7,6,7,7,7,7,7,7,7,7,7,5,6,6,6,6,7,5,6,6,6,6,5,7,7,7,7,7,7,3,5,2,3,3,3,3,2,4,4,3,4,1,1,6,2,3,3,1,2,1,1,1,1,6,6,2,3,1,1,3,3,6,3,4,3,4,4,3,,2,1,,,,,,,,3,,2,3,4,2,3,6,2,4,1,,,,,,,,,,9829
3/6/23 12:04,3/6/23 12:51,0,100,2805,1,3/6/23 12:51,,,,,anonymous,EN,1,3,3,1,3,1,1,1,1,1,1,1,3,2,2,1,3,2,2,4,2,1,2,2,2,2,2,2,3,1,3,2,3,1,3,2,3,5,4,2,2,3,2,2,4,5,2,4,1,4,2,3,5,2,2,4,4,4,4,5,2,3,4,2,4,5,4,4,1,1,4,5,1,1,3,4,2,4,3,4,5,4,5,1,4,5,5,4,5,5,4,5,2,6,4,5,5,4,6,6,4,3,5,6,6,1,1,2,5,6,4,4,4,3,3,3,5,4,3,5,2,2,5,2,2,2,5,2,5,5,5,6,6,5,6,6,6,6,4,5,5,6,5,3,5,6,6,4,6,6,6,6,6,6,6,6,6,4,6,5,3,3,2,5,5,5,3,5,3,3,5,3,2,6,6,6,6,6,6,6,6,5,6,6,6,5,6,6,6,6,5,5,5,5,6,5,6,6,6,6,6,6,3,5,1,4,1,2,3,2,3,4,3,3,1,1,3,2,3,3,1,2,1,2,6,1,3,2,6,3,2,1,3,3,1,3,4,4,5,4,4,,1,2,,,,,,,,3,,3,3,4,3,3,4,3,5,2,20,1,2,1,,2,Alabama,2,2,9829
3/6/23 15:48,3/6/23 15:57,0,100,531,1,3/6/23 15:57,,,,,anonymous,EN,1,1,3,2,2,2,1,2,1,2,2,2,1,2,3,3,1,1,1,4,1,3,1,1,1,3,2,2,1,2,3,1,1,3,2,2,1,5,5,5,5,5,5,4,5,5,5,5,5,5,5,5,3,4,5,4,4,4,5,4,4,3,3,4,5,5,5,5,5,5,5,5,5,5,5,5,5,5,4,5,5,5,5,5,6,6,6,6,6,6,6,6,6,6,5,5,5,6,6,6,6,6,6,6,6,6,6,6,6,6,4,6,6,6,6,6,1,1,1,1,1,1,1,1,6,6,6,6,6,6,7,7,2,7,7,7,7,7,2,7,7,7,7,7,7,7,7,4,4,4,6,6,7,7,7,7,4,7,7,7,7,7,2,7,7,7,7,7,7,7,7,3,7,7,7,7,7,7,7,7,1,7,7,7,7,7,4,7,7,7,7,7,7,7,7,4,7,5,7,7,7,7,4,4,4,4,4,4,4,3,4,4,3,5,3,3,3,3,3,3,6,6,2,1,3,3,3,3,3,3,3,3,3,1,3,1,3,5,5,5,5,2,3,3,3,3,3,2,3,3,3,3,3,6,6,6,6,6,6,6,6,6,20,2,1,1,,3,miami,3,2,10576
3/6/23 21:45,3/6/23 22:14,0,100,1755,1,3/6/23 22:14,,,,,anonymous,EN,1,1,3,2,3,2,3,1,3,1,1,1,3,1,3,1,3,1,3,5,3,3,2,2,3,3,2,2,1,1,3,3,1,3,3,2,3,3,3,2,2,1,5,4,4,4,5,4,5,4,4,3,1,4,2,3,3,3,4,2,2,3,4,1,2,5,5,4,4,2,4,5,3,3,2,2,2,2,5,5,3,4,3,1,4,5,3,2,3,4,5,4,3,3,5,5,1,4,3,4,4,5,3,2,5,6,4,3,4,1,2,2,3,4,2,4,2,2,4,5,2,2,1,1,4,4,3,4,3,4,3,4,3,5,3,2,5,6,5,6,6,4,3,5,3,5,6,4,2,5,5,5,6,2,2,3,5,5,3,2,3,5,3,2,6,5,2,5,3,5,6,4,2,5,5,3,5,2,5,5,5,5,3,3,5,5,4,5,6,4,3,5,5,5,5,4,5,5,6,4,6,3,3,3,2,3,2,2,3,3,3,3,4,4,1,2,2,2,3,1,1,6,1,2,2,1,6,1,6,1,1,1,6,6,1,2,2,4,3,4,4,1,,,3,,,,,,,2,,5,5,4,5,5,4,5,5,2,19,2,2,"1,2",,3,Kentucky,9,1,10135
3/6/23 22:56,3/7/23 11:52,0,100,46550,1,3/7/23 11:52,,,,,anonymous,EN,1,1,3,3,3,3,1,1,1,1,3,3,2,3,2,3,2,3,2,6,3,3,3,3,3,3,3,3,1,3,2,3,2,3,2,3,2,4,4,2,2,3,2,3,4,4,4,4,3,4,2,2,3,2,2,4,4,4,3,3,1,4,3,1,2,5,5,5,1,1,5,4,5,5,4,3,4,4,5,4,3,2,2,1,4,4,2,3,3,3,5,3,3,1,5,5,4,6,5,6,5,4,2,5,3,3,1,4,5,4,2,2,3,5,5,5,2,3,3,5,1,1,5,2,3,1,6,1,6,6,4,6,6,5,6,6,7,7,5,7,7,7,7,7,6,6,5,2,5,5,6,6,6,6,3,5,6,5,5,6,6,6,3,6,6,6,6,6,3,5,5,3,3,5,5,5,5,3,5,5,5,5,5,5,5,5,5,5,5,5,5,5,5,5,5,5,5,5,5,5,5,5,3,3,3,3,4,4,4,3,4,4,4,5,6,1,6,2,2,6,1,6,1,1,3,1,6,1,3,2,6,1,6,6,1,2,3,4,4,4,4,3,3,2,3,2,2,3,1,1,1,2,1,6,6,5,5,6,6,5,5,4,20,2,2,1,,4,FLORIDA,3,3,9841
3/7/23 14:02,3/7/23 14:46,0,100,2652,1,3/7/23 14:46,,,,,anonymous,EN,1,1,3,2,3,3,1,1,1,1,1,1,3,1,1,3,1,1,1,5,2,2,2,2,2,2,2,2,3,1,3,1,3,3,3,3,3,5,4,1,3,2,3,2,4,4,4,4,2,4,3,2,4,2,2,5,4,3,3,5,1,4,5,2,4,5,5,4,1,1,5,5,2,2,4,4,4,4,5,3,1,3,2,1,5,5,5,2,4,6,5,5,5,2,5,4,3,5,3,6,6,5,5,5,2,2,4,4,4,2,4,4,4,3,3,3,3,2,5,2,3,2,3,5,2,2,5,2,5,5,5,6,5,5,6,6,5,5,6,6,6,7,6,6,7,5,5,3,3,5,6,4,6,5,5,6,5,4,6,5,5,5,5,5,6,6,6,5,6,5,5,3,3,4,6,5,6,4,5,5,5,5,5,5,5,5,5,6,6,5,5,5,5,5,5,5,5,5,5,5,6,5,1,4,1,4,3,3,4,2,3,4,4,4,2,1,6,2,1,6,1,1,2,1,6,2,1,1,6,1,1,1,1,1,1,1,1,3,3,4,4,,,2,,,,,,3,,1,,3,4,3,5,5,5,5,3,2,21,1,2,1,,3,Georgia,4,1,10486
3/7/23 18:50,3/7/23 19:04,0,100,881,1,3/7/23 19:04,,,,,anonymous,EN,1,1,3,1,2,2,3,1,3,1,3,3,1,1,3,2,3,1,2,5,3,3,1,1,1,1,3,3,1,2,2,2,2,1,1,1,1,4,4,3,2,3,5,3,3,5,5,3,3,2,2,4,3,5,2,3,5,5,5,3,3,3,3,3,3,1,2,3,3,3,3,3,3,3,3,3,3,3,3,4,3,3,2,2,3,2,3,4,3,3,3,4,3,2,2,3,3,2,4,3,3,4,3,3,4,3,2,3,3,3,3,3,3,4,4,4,3,3,3,3,4,3,3,4,4,4,4,3,4,3,5,5,5,5,5,5,5,5,4,5,5,5,5,5,5,5,5,5,5,5,5,5,5,5,4,4,4,4,4,4,4,4,4,4,4,4,4,4,4,4,4,4,4,4,4,4,4,4,4,4,4,4,4,4,4,4,5,5,5,5,5,5,5,5,5,5,5,5,5,5,5,5,3,3,3,3,4,4,4,4,4,5,4,4,6,2,2,2,2,2,2,2,2,2,3,6,6,2,2,2,2,2,2,2,6,6,2,3,2,3,3,,3,,1,,,,,,,2,,3,3,4,3,3,4,5,4,4,21,2,2,1,,3,Alabama,8,2,10564
2/28/23 23:44,2/28/23 23:50,0,5,386,0,3/7/23 23:50,,,,,anonymous,EN,1,,,,,,,,,,,,,,,,,,,,,,,,,,,,,,,,,,,,,,,,,,,,,,,,,,,,,,,,,,,,,,,,,5,5,5,1,1,5,5,1,2,2,3,5,5,,,,,,,,,,,,,,,,,,,,,,,,,,,,,,,,,,,,,,,,,,,,,,,,,,,,,,,,,,,,,,,,,,,,,,,,,,,,,,,,,,,,,,,,,,,,,,,,,,,,,,,,,,,,,,,,,,,,,,,,,,,,,,,,,,,,,,,,,,,,,,,,,,,,,,,,,,,,,,,,,,,,,,,,,,,,,,,,,,,,,,,,,,,,,,,,,,10492
3/8/23 12:26,3/8/23 12:45,0,100,1173,1,3/8/23 12:45,,,,,anonymous,EN,1,1,3,3,3,3,1,1,1,1,1,1,3,3,3,3,1,3,3,6,3,3,3,3,3,3,3,3,3,1,3,1,3,3,3,3,3,5,5,2,1,5,5,1,4,5,4,4,1,4,1,3,5,3,1,5,5,5,5,5,2,5,5,2,5,5,5,5,1,1,5,5,5,5,5,5,5,5,6,5,4,4,6,1,6,4,6,2,5,6,6,5,5,6,6,6,5,6,6,6,6,6,1,6,6,6,2,3,6,6,1,1,1,6,6,6,1,1,1,1,1,1,1,1,2,2,2,5,2,2,6,6,5,7,7,5,6,7,5,7,7,7,6,7,7,7,6,4,5,6,7,7,6,7,5,7,6,7,7,3,5,7,5,7,7,7,3,6,3,3,7,7,5,7,7,6,6,7,7,7,6,7,7,7,7,7,6,7,7,7,7,7,7,7,7,7,7,7,7,7,7,7,5,5,5,5,5,5,5,4,5,5,5,5,3,3,6,2,3,3,1,6,1,1,6,2,3,1,3,3,3,1,3,3,3,3,1,4,2,3,5,2,1,,3,,,,,,,,,6,6,6,6,6,6,6,6,6,21,2,2,1,,3,alabama,2,2,10585
3/8/23 14:02,3/8/23 14:35,0,100,1977,1,3/8/23 14:35,,,,,anonymous,EN,1,1,3,3,3,3,1,1,1,1,2,2,2,1,3,3,3,3,2,6,1,1,1,1,3,3,3,3,2,3,3,3,3,3,3,3,3,5,4,2,2,4,4,4,5,4,5,5,4,4,2,1,4,5,2,3,3,5,4,4,3,5,5,3,4,5,4,4,1,1,4,5,2,2,3,2,3,2,5,3,2,4,4,1,4,5,3,2,4,6,3,4,6,1,6,5,4,6,4,6,3,4,1,5,3,4,1,2,6,3,2,1,4,4,4,6,2,1,3,5,1,1,5,3,2,2,4,2,4,4,3,5,5,5,7,3,6,7,3,6,6,6,3,5,6,3,6,5,5,3,6,7,6,7,2,5,3,3,5,3,5,5,2,6,5,3,2,3,6,2,5,4,2,3,4,6,7,5,3,5,2,5,6,2,3,2,4,6,5,2,2,3,6,2,3,4,3,2,5,6,7,5,2,1,1,3,4,4,3,3,5,5,5,5,6,1,6,6,3,3,2,6,2,1,2,1,6,1,3,6,1,1,1,1,1,1,2,4,4,4,4,,,,1,,2,,,,3,,,2,5,4,5,5,5,4,4,4,21,2,2,1,,3,Illinois,3,2,10012
3/8/23 18:38,3/8/23 19:13,0,100,2104,1,3/8/23 19:13,,,,,anonymous,EN,1,1,3,1,3,2,3,1,3,1,1,1,1,1,1,3,3,3,3,4,3,1,2,1,1,1,1,1,3,1,1,1,1,1,3,1,3,1,3,5,1,3,5,5,5,3,3,5,1,5,3,2,2,2,1,4,4,2,3,2,1,3,5,3,4,5,4,3,1,1,5,5,1,1,3,1,1,4,4,5,5,5,6,3,5,5,1,1,1,4,4,5,5,1,5,6,5,5,4,6,2,5,6,6,2,6,1,4,5,6,3,3,2,5,4,5,1,1,1,1,1,1,1,1,5,3,6,1,6,6,6,6,6,5,6,4,7,6,6,5,7,6,7,5,7,4,6,7,5,4,7,4,5,3,5,7,7,5,5,7,7,7,5,4,4,4,6,6,7,4,4,7,5,7,7,4,6,2,7,7,7,7,7,2,7,7,7,5,5,5,7,6,7,6,7,7,7,7,7,7,7,1,5,5,3,5,4,4,4,3,1,2,4,5,2,1,1,6,3,3,1,2,1,6,6,6,2,1,2,1,3,6,1,1,1,1,4,1,5,5,3,3,3,1,3,3,2,3,3,3,1,3,2,5,6,3,3,3,6,2,1,5,24,1,2,4,,4,"Mandalay, Myanmar",7,6,10513
3/7/23 9:39,3/9/23 12:41,0,100,183703,1,3/9/23 12:41,,,,,anonymous,EN,1,1,3,3,3,3,3,1,3,1,3,3,3,3,3,3,3,3,3,6,1,1,3,1,3,3,3,3,2,2,2,1,2,2,2,3,3,3,4,2,1,5,2,1,4,3,2,4,1,4,1,1,4,1,1,3,4,4,4,5,1,2,5,2,4,4,4,3,1,1,3,4,3,3,3,3,4,4,5,5,4,4,3,1,4,4,4,2,5,5,6,3,5,3,6,6,4,4,3,5,6,6,1,1,2,4,4,3,3,3,1,1,1,5,5,5,1,1,1,7,2,2,1,1,3,3,4,3,4,4,5,6,6,6,6,6,6,7,4,7,7,6,5,5,5,7,6,4,5,5,6,6,5,5,5,6,6,3,5,6,7,7,4,7,7,6,5,4,5,3,5,4,3,5,6,7,6,6,5,6,5,3,4,4,5,6,4,6,6,6,4,4,4,5,5,4,5,5,5,5,5,4,3,3,3,3,4,4,4,3,4,3,3,4,2,1,2,1,2,6,1,2,1,1,1,1,2,1,1,2,2,1,1,1,1,1,2,3,2,3,4,1,,,,2,,,,,,3,,4,4,3,3,3,3,2,4,2,20,2,2,1,,3,Alabama,8,6,10036
3/6/23 10:01,3/6/23 10:02,0,3,32,0,3/13/23 11:06,,,,,anonymous,EN,1,,,,,,,,,,,,,,,,,,,,,,,,,,,,,,,,,,,,,,,,,,,,,,,,,,,,,,,,,,,,,,,,,,,,,,,,,,,,,,,,,,,,,,,,,,,,,,,,,,,,,,,,,,,,,,,,,,,,,,,,,,,,,,,,,,,,,,,,,,,,,,,,,,,,,,,,,,,,,,,,,,,,,,,,,,,,,,,,,,,,,,,,,,,,,,,,,,,,,,,,,,,,,,,,,,,,,,,,,,,,,,,,,,,,,,,,,,,,,,,,,,,,,,,,,,,,,,,,,,,,,,,,,,,,,,,9829
3/13/23 12:45,3/13/23 13:49,0,100,3864,1,3/13/23 13:49,,,,,anonymous,EN,1,2,3,3,3,2,3,1,3,1,3,1,3,3,3,1,1,1,3,4,1,1,2,1,3,1,1,2,2,2,1,1,2,1,3,1,3,2,4,2,1,2,2,2,4,4,2,4,2,3,2,2,3,1,1,4,4,4,4,3,2,3,3,2,3,4,4,4,4,2,4,4,2,3,4,2,2,4,5,5,4,5,5,5,4,5,5,5,5,5,5,5,5,5,5,5,5,5,5,5,5,5,2,2,5,3,3,5,5,5,2,2,2,5,5,5,1,1,2,1,1,1,1,1,3,3,5,2,5,5,4,4,3,4,4,4,4,5,4,5,5,4,5,4,4,5,5,4,5,4,5,4,5,4,4,4,4,4,4,4,4,4,4,4,4,4,5,5,4,5,4,4,5,4,5,4,5,4,5,5,5,5,5,5,5,5,5,5,5,5,5,5,5,5,5,5,5,5,5,5,5,5,4,4,4,4,4,4,4,4,4,4,4,4,3,6,3,6,3,1,1,1,1,1,6,1,2,1,1,3,6,1,1,1,1,1,1,2,2,2,2,1,1,2,3,3,2,2,2,3,2,2,2,5,5,5,5,5,5,5,5,5,36,2,2,1,,4,Alabama,8,6,10396
3/16/23 12:16,3/16/23 12:36,0,100,1219,1,3/16/23 12:36,,,,,anonymous,EN,1,1,3,3,3,3,3,1,1,1,1,3,3,3,3,3,3,3,3,6,1,3,3,3,3,3,2,3,2,3,2,3,2,3,2,3,2,5,5,2,4,4,4,1,3,5,5,4,1,1,2,1,4,5,1,2,5,3,5,5,2,3,4,4,3,5,4,4,1,1,4,5,4,4,5,5,3,5,5,5,2,1,6,1,6,5,4,1,6,6,6,1,2,3,5,6,1,2,6,6,6,6,1,1,2,3,5,1,3,2,2,2,3,5,4,5,6,1,4,2,1,1,2,1,2,1,6,1,5,5,6,6,6,5,6,5,7,6,5,7,7,6,4,6,5,5,6,4,7,7,5,7,5,7,3,4,7,5,4,6,7,5,4,5,7,4,4,5,4,6,5,4,2,4,1,4,5,6,5,5,5,5,5,3,5,4,4,7,7,5,4,5,5,5,5,4,7,5,5,7,6,6,4,4,1,3,5,4,5,4,3,4,4,4,2,1,6,6,6,2,1,1,2,1,6,1,1,1,2,1,2,1,2,2,1,1,4,4,3,4,4,,,,1,,,,,2,,3,,4,4,5,6,6,5,5,5,6,20,2,2,1,,3,Michigan,3,1,10600